portal_id	phylum	class	eco_term	AA1	AA14	AA1_1	AA1_2	AA1_dist	AA2	AA2_dist	AA3	AA3_1	AA3_2	AA3_3	AA3_4	AA3_dist	AA5_1	AA6	AA7	AA7_dist	AA8	AA9	AA9_dist	CBM1	CBM12	CBM13	CBM18	CBM20	CBM21	CBM35	CBM43	CBM48	CBM5	CBM50	CBM67	CE1	CE12	CE15	CE16	CE3	CE4	CE8	CE9	EXPN	GH1	GH10	GH105	GH106	GH11	GH115	GH12	GH125	GH128	GH131	GH133	GH135	GH13_1	GH13_22	GH13_25	GH13_32	GH13_5	GH13_8	GH145	GH15	GH152	GH154	GH16	GH17	GH18	GH2	GH20	GH23	GH25	GH26	GH27	GH28	GH29	GH3	GH30_3	GH30_dist	GH31	GH35	GH37	GH38	GH39	GH43	GH45	GH47	GH51	GH53	GH55	GH5_12	GH5_15	GH5_22	GH5_30	GH5_31	GH5_5	GH5_50	GH5_7	GH5_9	GH6	GH63	GH7	GH71	GH72	GH74	GH75	GH76	GH78	GH79	GH85	GH88	GH9	GH92	GH93	GH95	GT1	GT15	GT17	GT2	GT20	GT21	GT22	GT24	GT3	GT31	GT32	GT33	GT35	GT39	GT4	GT48	GT49	GT5	GT50	GT57	GT58	GT59	GT66	GT69	GT76	GT8	GT90	Myosin_motor	PL1	PL14	PL14_3	PL14_4	PL14_5	PL1_7	PL35	PL38	PL4_3	PL7_4
LboET3784_1	Basidiomycota	Agaricomycetes	White_rot_fungi	0	4	11	1	1	5	0	1	1	26	4	1	0	6	2	2	1	1	12	0	22	1	3	1	4	3	3	1	3	4	16	4	2	2	1	5	1	7	3	1	18	2	3	2	1	2	1	4	1	5	1	1	1	5	3	1	1	1	1	1	4	4	1	30	8	14	4	3	1	1	0	6	12	1	12	2	0	5	3	2	1	1	6	3	7	3	2	3	2	1	2	1	1	4	2	3	6	1	1	4	8	1	1	1	2	3	11	1	1	1	6	1	2	13	9	1	13	3	1	3	2	1	1	1	2	1	3	7	2	1	3	1	2	1	1	1	2	1	2	5	2	2	1	0	2	1	1	1	1	1	2
LboTFB10292_1	Basidiomycota	Agaricomycetes	White_rot_fungi	1	4	11	1	0	4	1	1	1	27	5	1	0	6	2	2	0	1	12	0	25	1	3	1	4	3	3	2	4	4	14	4	2	2	1	5	0	8	3	1	19	2	3	2	1	2	1	4	1	5	2	1	1	5	3	1	1	1	1	1	4	5	1	27	8	15	4	3	1	1	0	6	13	1	13	2	1	5	3	2	1	1	5	3	8	3	2	3	2	1	2	1	1	4	2	3	6	1	1	5	8	2	1	1	2	3	10	1	1	1	5	1	6	12	9	1	15	3	1	3	1	1	1	1	1	1	5	8	2	1	3	1	2	1	1	1	2	1	2	5	2	1	0	1	1	1	1	1	1	1	2
LboTFB7810_1	Basidiomycota	Agaricomycetes	White_rot_fungi	1	4	11	1	0	4	1	1	1	28	4	1	0	6	2	2	0	1	12	0	22	1	3	1	4	3	3	1	3	4	13	4	2	2	1	5	0	7	3	1	18	2	3	2	1	2	1	4	1	5	2	1	1	5	3	1	1	1	1	1	4	4	1	29	6	15	4	3	1	1	0	6	12	1	14	2	1	5	3	2	1	1	7	3	8	4	2	3	2	1	2	1	1	4	2	3	6	1	1	4	8	1	1	1	2	4	14	1	1	1	5	1	2	13	11	1	13	3	1	3	1	1	1	1	1	1	4	8	2	1	3	1	2	1	1	1	2	1	2	5	2	2	1	0	1	1	1	1	1	1	2
LboTFB7829_1	Basidiomycota	Agaricomycetes	White_rot_fungi	0	5	11	1	1	4	0	1	1	25	4	1	0	6	2	1	2	1	12	0	25	1	2	1	4	3	3	1	3	4	13	4	2	2	1	5	0	8	3	1	20	2	3	2	1	2	1	4	1	5	2	1	1	5	3	1	1	1	1	1	4	5	1	29	7	15	4	3	2	1	0	6	12	1	13	2	1	5	3	2	1	1	6	3	8	3	2	3	3	1	5	1	1	4	2	3	6	1	1	3	8	1	1	1	2	2	10	1	1	1	5	1	2	12	9	1	12	3	1	3	1	1	1	1	1	1	5	6	2	1	3	1	2	1	1	1	2	1	2	5	2	2	0	1	1	1	1	1	1	1	2
Lbo_TFB10291_1	Basidiomycota	Agaricomycetes	White_rot_fungi	0	4	11	1	1	4	0	2	1	27	4	1	0	6	2	2	1	1	12	0	24	1	2	1	4	3	3	1	4	4	13	4	2	2	1	6	1	8	3	1	18	2	3	2	1	2	1	4	1	5	2	1	1	5	3	1	1	1	1	1	4	4	1	29	5	15	4	3	1	1	0	7	12	1	14	2	1	5	3	2	1	1	7	3	8	3	2	3	2	1	2	1	1	4	2	3	6	1	1	4	8	1	1	1	2	2	9	1	2	1	5	1	7	13	10	1	12	3	1	3	1	1	1	1	1	1	4	6	2	1	4	1	2	1	1	1	2	1	2	5	2	2	0	1	1	1	1	1	1	1	2
Lbo_TFB10827_1	Basidiomycota	Agaricomycetes	White_rot_fungi	0	4	12	1	1	4	0	1	1	27	4	1	0	6	2	2	1	1	12	0	25	1	3	1	4	4	3	1	4	4	14	4	2	2	1	5	1	6	3	1	16	2	3	2	1	2	1	4	1	5	2	1	1	5	4	1	1	1	1	1	4	4	1	28	7	14	4	3	1	1	0	6	12	2	13	2	1	6	3	2	1	1	5	3	8	3	2	3	2	1	2	1	1	4	2	3	6	1	1	5	8	1	1	1	2	2	8	1	1	1	5	1	2	12	9	1	11	3	1	3	1	1	1	1	1	1	5	5	2	1	6	1	2	1	1	1	2	1	2	5	2	2	1	0	1	1	0	1	1	1	2
LedTMI1148_1	Basidiomycota	Agaricomycetes	White_rot_fungi	0	4	12	1	1	5	0	0	1	22	4	1	1	5	2	2	0	1	12	0	20	1	2	1	5	3	3	1	3	4	10	6	1	2	1	5	1	7	3	1	18	3	3	2	2	2	1	4	1	5	2	1	1	5	3	1	1	2	1	1	5	4	1	30	5	14	4	3	1	1	1	7	14	1	12	5	1	5	4	2	1	1	7	3	7	3	2	3	2	1	2	1	1	4	2	2	6	1	1	4	8	1	1	1	2	3	9	1	1	1	5	1	2	10	10	1	12	3	1	3	1	1	1	1	1	1	3	6	2	1	3	1	2	1	1	1	2	1	4	5	2	2	1	0	1	1	2	1	1	1	2
LedTMI1633_1	Basidiomycota	Agaricomycetes	White_rot_fungi	0	4	13	1	1	5	0	0	1	20	4	1	1	6	2	2	0	1	12	0	19	1	2	1	5	3	3	1	3	4	10	7	1	2	1	5	1	7	4	1	19	3	2	2	2	2	1	4	1	5	2	1	1	5	3	1	1	2	1	1	5	4	1	31	5	15	4	4	1	1	1	7	16	1	12	3	1	5	4	2	1	1	6	3	7	3	2	4	2	1	2	1	1	5	2	2	6	1	1	3	8	1	1	1	2	2	8	1	1	1	4	1	2	11	10	1	13	3	1	3	1	1	1	2	1	1	3	6	3	1	3	1	2	1	1	1	2	1	4	5	2	2	1	0	1	1	1	1	1	1	2
LedVB361_1	Basidiomycota	Agaricomycetes	White_rot_fungi	1	4	12	1	0	5	0	0	1	22	6	1	1	5	2	2	0	1	12	0	20	1	3	1	5	3	3	1	4	4	12	6	1	2	1	7	1	7	6	1	19	3	3	2	2	2	1	4	1	5	2	2	1	5	3	3	1	2	1	1	5	4	1	31	5	15	4	3	1	1	1	7	15	1	13	3	1	6	4	2	1	1	7	3	7	3	5	3	3	1	2	1	1	4	2	2	6	1	1	4	8	1	1	1	2	2	8	1	1	1	6	1	2	12	10	1	13	3	1	3	1	1	1	2	1	1	3	4	3	1	3	1	2	1	1	1	2	1	4	4	2	2	1	0	1	1	1	1	1	1	2
Led_CS584_1	Basidiomycota	Agaricomycetes	White_rot_fungi	1	4	13	1	0	5	0	0	1	25	5	1	0	5	2	2	0	1	12	0	21	1	2	1	5	3	3	1	3	4	10	7	1	2	1	6	1	7	3	1	18	3	3	2	2	2	1	4	1	5	2	2	1	5	3	2	1	2	1	1	5	5	1	29	6	14	4	4	1	1	1	7	15	1	13	3	1	5	4	2	1	1	7	3	7	3	2	3	2	1	2	1	1	5	2	2	6	1	1	4	8	1	1	1	2	2	8	1	1	1	5	1	2	11	10	1	13	3	1	4	1	1	1	2	1	1	3	5	2	1	3	1	2	1	1	1	2	1	4	5	2	2	1	1	1	1	1	1	1	1	2
Lenafn1	Basidiomycota	Agaricomycetes	White_rot_fungi	0	6	12	1	1	5	0	0	1	20	4	1	1	5	2	2	0	1	12	0	22	1	3	1	5	3	2	1	2	4	12	6	1	2	1	6	1	7	4	1	19	3	3	2	0	2	1	4	1	5	2	1	1	5	3	1	1	2	1	1	5	4	1	30	7	14	4	5	1	1	1	7	16	1	14	4	1	5	4	2	1	1	7	3	7	3	3	3	3	1	2	1	1	5	2	2	6	1	1	4	8	1	1	1	2	3	9	1	1	1	6	1	2	14	10	1	13	4	1	3	1	1	1	1	1	1	3	4	3	1	3	1	2	1	1	1	1	1	4	5	2	2	0	1	1	1	1	1	0	1	2
Lenafn_TMI1502_1	Basidiomycota	Agaricomycetes	White_rot_fungi	0	4	12	1	1	4	0	0	1	20	4	1	1	6	2	2	0	1	11	0	20	1	2	1	5	3	3	1	3	4	11	7	1	2	1	5	1	7	4	1	18	3	3	2	4	2	1	4	1	5	2	1	1	5	3	1	1	2	1	1	5	3	1	30	5	14	4	3	1	1	1	7	13	1	13	3	1	5	4	2	1	1	6	2	7	3	2	3	2	1	2	1	1	4	2	2	6	1	1	4	8	1	1	1	2	2	8	1	1	1	5	2	2	10	10	1	14	3	1	3	1	1	1	2	1	1	3	4	2	1	3	1	2	1	1	1	1	1	4	4	2	2	0	1	1	1	1	1	0	1	2
Lened_B_1_1	Basidiomycota	NA	White_rot_fungi	0	4	13	1	1	5	0	1	1	25	4	1	0	7	2	1	0	1	12	0	19	0	3	1	5	3	2	0	2	3	10	5	1	2	1	5	1	6	2	1	15	3	4	2	5	2	2	5	1	6	2	1	1	5	4	2	1	2	2	1	6	4	1	32	7	16	4	3	1	1	1	8	14	1	14	3	1	6	4	2	1	1	7	1	8	4	3	2	5	1	2	2	1	4	2	2	7	1	1	4	8	1	1	1	3	2	9	2	1	2	8	2	2	11	12	2	13	4	2	2	1	2	1	1	2	1	6	7	9	1	3	1	2	1	3	2	1	1	5	3	1	2	0	1	1	1	1	1	0	0	2
Lenedo1	Basidiomycota	Agaricomycetes	White_rot_fungi	0	4	12	1	1	5	0	0	1	18	6	1	1	5	2	2	0	1	12	0	21	1	3	1	5	3	3	1	4	4	10	6	1	2	1	6	1	7	5	1	19	2	3	2	2	2	1	4	1	5	2	2	1	5	3	2	1	2	1	1	5	5	1	30	6	14	4	3	1	1	1	7	15	1	12	4	1	5	4	2	1	1	7	3	7	3	2	4	2	1	2	1	1	4	2	2	6	1	1	4	8	1	1	1	2	3	8	1	1	1	5	2	3	13	11	1	12	3	1	3	1	1	1	1	1	1	3	5	2	1	3	1	2	1	1	1	1	1	5	5	2	2	1	1	1	1	1	1	0	1	2
Lenlat1	Basidiomycota	Agaricomycetes	White_rot_fungi	0	4	12	1	1	5	0	0	1	23	5	1	2	5	2	2	0	1	12	0	22	1	3	1	5	3	3	1	4	4	12	7	1	2	1	7	1	7	3	1	18	3	3	3	1	2	1	4	1	5	2	1	1	5	3	1	1	2	1	1	5	4	1	30	6	14	4	4	1	1	1	7	15	1	13	3	1	5	4	2	1	1	7	3	7	3	2	3	2	1	2	1	1	4	2	3	6	1	1	4	8	1	1	1	2	2	8	1	1	1	5	1	3	11	9	1	13	3	1	3	1	1	1	2	1	1	3	4	2	1	3	1	2	1	1	1	1	1	5	4	2	2	1	0	1	1	1	1	0	1	2
Lennov1	Basidiomycota	Agaricomycetes	White_rot_fungi	0	4	12	1	1	5	0	0	1	21	5	1	1	5	2	2	0	1	12	0	21	1	2	1	4	3	3	1	4	4	12	5	1	2	1	5	1	7	2	1	19	3	3	2	1	2	1	4	1	5	2	1	1	5	3	1	1	2	1	1	4	4	1	30	5	14	4	4	1	1	1	8	15	1	14	3	1	6	4	2	1	1	7	3	7	3	2	3	2	1	2	1	1	4	2	2	6	1	1	4	8	1	1	1	2	2	8	1	1	1	5	1	2	9	10	1	12	3	1	3	1	1	1	1	1	1	3	4	2	1	3	2	2	1	1	1	1	1	5	5	2	2	1	0	1	1	1	1	0	1	2
Lenra_T_1	Basidiomycota	Agaricomycetes	White_rot_fungi	0	3	14	1	1	3	0	0	1	23	5	2	0	6	2	0	2	1	12	0	24	1	2	1	4	3	3	1	4	6	15	10	2	2	1	3	0	5	3	0	18	3	3	2	4	2	1	3	1	5	2	1	0	5	6	1	1	1	1	1	4	3	1	30	5	10	4	4	1	1	1	5	12	1	13	3	1	5	4	2	1	1	6	3	8	3	2	2	3	1	1	1	1	3	2	3	6	1	1	5	8	1	1	2	2	2	8	1	1	1	5	1	2	13	11	1	12	3	1	3	1	1	1	1	1	1	2	4	2	1	6	1	2	1	1	1	2	1	3	7	2	2	1	0	0	1	1	1	0	1	2
Lenrap1	Basidiomycota	Agaricomycetes	White_rot_fungi	0	4	13	1	1	4	0	2	1	23	5	1	0	6	2	0	3	1	12	0	22	1	3	1	4	3	3	1	2	6	15	8	2	2	1	8	1	7	3	1	14	3	3	2	6	2	1	3	1	4	2	1	0	7	5	1	1	1	1	1	4	3	1	31	5	16	4	4	1	1	1	5	11	1	13	3	1	5	4	2	1	1	6	3	10	3	2	2	3	1	1	1	1	3	2	3	7	1	1	4	8	1	1	2	2	2	8	1	1	1	6	1	2	13	11	1	15	3	1	4	1	1	1	1	1	1	3	4	2	1	3	1	2	1	1	1	1	1	3	9	3	2	1	0	0	1	1	1	0	1	2
Lenrap1_155	Basidiomycota	Agaricomycetes	NA	0	5	13	1	1	4	0	2	1	22	5	2	0	7	2	0	3	1	12	0	23	1	2	1	4	3	3	2	4	6	15	10	2	2	1	5	1	7	3	1	15	3	3	2	4	2	1	3	1	5	2	1	0	5	5	1	1	1	1	1	4	3	1	28	5	16	4	3	1	1	1	5	11	1	13	3	1	5	4	2	1	1	6	3	9	3	2	2	3	1	1	1	1	3	2	3	6	1	1	4	8	3	1	2	2	2	8	1	1	1	5	1	2	12	9	1	15	5	1	3	1	1	1	1	1	1	3	4	2	1	5	1	2	1	1	1	1	1	3	8	2	2	1	0	0	1	1	1	0	1	2
Lentinedodes1	Basidiomycota	NA	White_rot_fungi	0	4	12	1	1	5	0	0	1	19	4	1	1	5	2	2	0	1	12	0	22	1	2	1	6	3	3	1	3	4	12	6	1	2	1	6	1	7	3	1	16	3	3	2	2	2	1	4	1	5	2	1	1	5	3	1	1	2	1	1	8	4	1	30	6	14	4	3	1	1	1	6	14	1	13	3	1	5	4	2	1	1	7	3	7	3	3	4	2	1	2	1	1	4	2	2	6	1	1	4	8	2	1	1	2	2	8	1	1	1	5	1	2	12	10	1	12	3	1	3	1	1	1	1	1	1	3	4	2	1	3	0	2	1	1	1	2	1	5	5	2	2	1	0	1	1	1	1	0	1	2
LlaRV95_379_1	Basidiomycota	Agaricomycetes	White_rot_fungi	1	4	12	1	0	5	1	0	1	21	5	1	1	5	2	2	0	1	12	0	21	1	2	1	4	3	3	1	3	4	12	8	1	2	1	7	1	7	4	1	17	3	3	2	1	2	1	4	1	5	2	1	0	5	3	1	1	2	1	1	4	4	1	31	5	14	4	4	1	1	1	7	15	1	12	3	1	5	4	2	1	1	7	3	7	3	2	3	3	1	2	1	1	4	2	3	6	1	1	4	8	1	1	1	2	2	8	1	1	1	5	1	2	10	10	1	14	3	1	5	1	1	1	3	1	1	3	4	5	1	3	2	2	1	1	1	2	1	4	4	2	2	1	0	1	1	1	1	1	1	2
LlaTMI1499_1	Basidiomycota	Agaricomycetes	White_rot_fungi	0	4	12	1	1	4	0	0	1	21	4	1	1	6	2	2	0	1	10	0	20	1	2	1	5	3	3	1	4	4	12	7	1	2	1	5	1	7	4	1	18	3	3	2	2	2	1	4	1	5	2	1	1	5	3	1	1	2	1	1	5	4	1	30	5	15	4	3	1	1	1	8	13	1	14	3	1	5	4	2	1	1	7	3	7	3	2	3	3	1	2	1	1	4	2	2	6	1	1	4	8	1	1	1	2	2	8	1	1	1	5	2	2	11	10	1	14	3	1	3	1	1	1	1	1	1	3	4	2	1	3	1	2	1	1	1	2	0	4	4	2	2	0	1	1	1	1	1	1	1	2
LraINPA1820_1	Basidiomycota	Agaricomycetes	White_rot_fungi	0	4	13	1	1	5	0	0	1	24	5	1	1	7	2	0	2	1	13	1	23	1	3	1	4	3	3	1	4	6	15	11	2	2	1	5	1	7	4	1	18	3	3	2	4	2	1	3	2	5	2	1	0	5	4	1	1	1	1	1	4	3	1	29	6	16	5	3	1	1	1	5	11	1	13	3	1	5	4	2	1	1	6	3	12	3	2	2	3	1	1	1	1	3	3	3	6	1	1	5	8	1	1	2	2	2	8	1	1	1	6	1	2	13	9	1	14	3	1	4	1	1	1	1	1	1	3	4	2	1	5	1	2	1	1	1	2	1	4	8	2	2	1	0	0	1	1	1	0	1	2
LraJLM1587_1	Basidiomycota	Agaricomycetes	White_rot_fungi	0	4	13	1	1	5	0	0	1	26	5	2	1	6	2	1	2	1	13	0	24	1	2	1	4	3	3	1	4	5	15	10	2	2	1	5	1	7	3	1	17	3	3	2	4	2	1	3	1	5	2	1	0	5	4	1	1	1	1	1	4	3	1	29	5	16	5	4	1	1	1	5	11	1	13	3	1	5	4	2	1	1	6	3	8	3	2	2	3	1	1	1	1	4	2	3	6	1	1	4	8	1	1	2	2	2	8	1	1	1	5	1	2	12	10	1	12	3	1	3	1	1	1	1	1	1	3	4	2	1	3	1	2	1	1	1	2	1	3	7	2	2	1	0	0	1	1	1	0	1	2
LraTFB9207_1	Basidiomycota	Agaricomycetes	White_rot_fungi	0	4	14	1	1	5	0	0	1	26	5	2	0	6	2	0	3	1	12	0	24	1	4	1	4	4	3	1	4	6	15	9	2	2	1	5	1	7	4	1	17	3	3	2	4	2	1	3	1	5	2	1	0	5	4	1	1	1	1	1	4	3	1	29	5	16	4	4	1	1	1	5	11	1	13	3	1	5	5	2	1	1	6	3	8	3	2	2	3	1	1	1	1	3	2	3	6	1	1	4	8	1	1	2	2	2	8	1	1	1	5	1	2	13	10	1	12	3	1	3	1	1	1	1	1	1	3	4	2	1	4	1	2	1	1	1	2	1	3	7	2	2	1	0	0	1	1	1	0	2	2
