portal_id	phylum	class	eco_term	AA1	AA12	AA14	AA16	AA1_1	AA1_2	AA1_dist	AA2	AA2_dist	AA3	AA3_1	AA3_2	AA3_3	AA3_4	AA3_dist	AA4	AA5_1	AA6	AA7	AA8	AA9	CBM1	CBM12	CBM13	CBM18	CBM20	CBM21	CBM35	CBM38	CBM42	CBM43	CBM48	CBM5	CBM50	CE1	CE12	CE15	CE16	CE4	CE5	CE8	CE9	EXPN	GH1	GH10	GH105	GH106	GH11	GH114	GH115	GH12	GH125	GH127	GH128	GH13	GH131	GH133	GH135	GH13_1	GH13_22	GH13_25	GH13_32	GH13_40	GH13_5	GH13_8	GH140	GH145	GH15	GH152	GH154	GH16	GH17	GH18	GH2	GH20	GH23	GH25	GH26	GH27	GH28	GH29	GH3	GH30	GH30_3	GH30_7	GH30_dist	GH31	GH32	GH35	GH36	GH37	GH38	GH43	GH44	GH45	GH47	GH5	GH51	GH53	GH54	GH55	GH5_12	GH5_15	GH5_22	GH5_27	GH5_30	GH5_31	GH5_5	GH5_50	GH5_7	GH5_9	GH5_dist	GH6	GH63	GH7	GH71	GH72	GH74	GH75	GH76	GH78	GH79	GH81	GH85	GH88	GH89	GH9	GH92	GH93	GH95	GT1	GT15	GT17	GT2	GT20	GT21	GT22	GT24	GT3	GT31	GT32	GT33	GT35	GT39	GT4	GT41	GT47	GT48	GT49	GT5	GT50	GT57	GT58	GT59	GT66	GT69	GT71	GT76	GT8	GT90	Myosin_motor	PL1	PL14	PL14_3	PL14_4	PL14_5	PL1_2	PL1_4	PL1_7	PL26	PL35	PL4_1	PL4_3	PL8_4
Conpu1	Basidiomycota	Agaricomycetes	Brown_rot_fungi	1	0	2	0	6	1	0	0	0	0	2	13	5	0	1	0	6	2	0	4	10	2	1	6	1	2	2	0	1	0	1	3	11	1	0	0	0	6	9	1	2	1	19	3	3	0	0	0	1	2	4	1	0	8	0	2	1	0	1	0	1	1	1	1	1	0	1	2	7	1	24	4	28	5	4	1	2	0	4	13	4	13	1	6	0	0	12	2	2	0	4	1	6	0	1	9	0	3	1	0	5	2	2	2	0	1	1	5	1	3	4	0	2	1	2	6	1	0	0	3	2	4	1	1	1	2	1	4	1	1	4	2	0	12	4	1	4	1	1	1	1	1	1	3	3	0	0	4	1	0	1	2	1	1	1	1	0	1	3	1	3	0	1	0	1	1	0	0	0	0	2	0	0	0
Dacsp1	Basidiomycota	Dacrymycetes	Brown_rot_fungi	2	0	3	0	0	2	1	0	0	0	0	6	1	0	0	2	3	1	3	0	0	1	0	2	1	1	3	1	0	0	1	2	1	1	0	0	1	3	11	0	3	0	6	1	3	0	1	0	0	2	1	0	1	2	0	1	1	0	2	1	1	1	3	2	1	0	0	2	2	1	14	2	7	3	3	2	0	2	2	6	2	9	0	2	0	2	6	1	1	1	2	1	5	0	1	4	4	2	1	0	2	2	1	2	1	0	1	3	1	2	4	3	0	1	0	5	1	0	0	0	0	6	0	2	1	0	1	1	0	0	15	4	1	11	3	1	2	1	1	3	5	1	1	4	6	0	1	1	1	1	1	2	1	1	1	1	2	1	4	11	2	0	0	1	1	1	0	0	0	0	2	0	0	0
Dicsq1	Basidiomycota	Agaricomycetes	White_rot_fungi	1	0	4	0	11	1	0	12	0	0	1	27	4	0	0	0	9	1	4	2	15	17	1	11	1	2	2	1	0	0	1	3	5	2	0	2	2	8	2	0	3	1	13	4	5	1	0	0	0	2	3	1	0	4	0	3	1	2	2	3	1	2	0	1	1	0	1	2	3	1	35	2	21	4	4	1	2	0	6	7	0	8	0	2	0	0	6	2	3	0	3	1	7	1	1	5	0	2	1	0	2	2	1	2	0	0	1	3	2	2	6	0	1	1	4	4	1	1	0	1	5	13	0	1	1	1	0	5	1	1	9	6	1	11	3	1	3	1	1	1	1	1	1	3	5	1	0	2	1	1	1	2	1	1	1	2	0	1	5	1	2	0	1	0	5	1	0	0	0	0	2	0	1	3
Fomme1	Basidiomycota	Agaricomycetes	White_rot_fungi	0	0	1	0	10	1	1	17	0	0	1	23	3	0	0	0	4	3	0	1	13	6	0	4	0	2	2	1	0	0	1	3	5	2	0	2	1	5	4	0	3	1	11	5	4	1	0	0	0	3	3	1	0	3	0	2	1	0	2	1	1	1	0	0	1	0	1	1	8	1	28	1	17	2	6	1	1	0	4	17	0	8	0	2	0	0	5	0	2	0	3	1	7	0	1	5	0	1	1	0	1	2	1	2	0	1	2	3	2	2	5	0	2	1	2	2	1	4	0	0	2	7	0	1	2	0	1	4	0	2	14	5	2	11	3	1	3	1	4	1	2	1	1	3	3	1	0	2	1	1	1	2	1	1	1	1	0	1	4	4	2	1	1	0	2	1	0	0	1	0	1	0	0	0
Fompi3	Basidiomycota	Agaricomycetes	Brown_rot_fungi	1	0	3	0	5	1	0	1	0	0	0	16	5	0	0	0	4	1	4	0	4	0	1	11	1	2	2	1	0	0	1	3	4	19	0	0	1	8	3	0	2	2	20	2	3	1	0	0	0	1	2	1	0	4	0	1	1	0	4	1	1	0	0	1	1	0	0	2	5	1	27	3	21	4	4	1	0	0	4	12	0	11	0	4	0	3	5	4	2	0	2	1	7	0	2	6	0	3	1	0	3	2	1	2	0	0	2	3	2	2	5	0	0	1	0	4	1	0	0	0	4	4	0	1	1	2	0	5	0	1	6	5	1	15	4	1	5	1	1	1	1	1	1	3	4	1	0	2	1	1	1	2	2	1	1	2	0	1	7	1	2	0	1	0	0	2	0	0	0	0	1	0	0	0
Glotr1_1	Basidiomycota	Agaricomycetes	Brown_rot_fungi	0	0	2	0	4	1	0	0	0	0	1	20	2	1	0	3	2	3	0	0	4	1	1	1	0	2	2	2	0	0	1	3	4	2	1	0	1	4	5	0	2	1	13	5	3	2	0	0	0	2	2	1	1	6	0	1	1	0	1	1	1	3	1	1	1	0	1	2	5	1	29	2	11	4	4	1	2	0	3	10	1	11	0	2	0	1	5	1	2	0	2	1	6	0	1	4	0	4	2	0	2	2	1	2	0	1	1	2	2	2	6	0	0	1	0	6	1	1	0	4	2	6	1	1	1	0	1	4	0	1	5	4	1	13	3	1	3	1	1	1	2	1	1	3	5	0	0	3	1	1	1	2	1	1	2	1	0	1	3	2	3	0	1	1	3	1	0	0	0	0	1	2	0	1
Hetan2	Basidiomycota	Agaricomycetes	White_rot_fungi	2	0	2	1	14	1	1	7	1	0	1	29	3	0	0	0	5	2	2	2	10	18	1	1	1	3	2	2	0	0	1	2	5	1	1	2	1	4	5	0	3	3	12	2	2	2	0	0	0	1	4	1	0	1	0	2	1	0	2	1	1	1	1	1	1	0	1	5	3	1	23	2	10	3	4	1	0	0	4	8	2	12	0	1	0	1	10	1	4	0	2	1	4	0	2	6	1	1	1	0	1	2	0	2	0	1	0	3	1	2	4	0	1	1	1	3	1	1	0	1	2	9	2	1	1	0	1	4	0	1	4	3	1	14	3	1	3	1	1	1	1	1	1	3	4	0	0	2	1	1	1	2	1	1	1	3	0	1	6	1	1	0	0	0	0	0	0	1	1	0	0	0	0	0
Pospl1	Basidiomycota	Agaricomycetes	Brown_rot_fungi	1	0	3	0	5	2	0	2	0	2	0	36	8	0	0	0	5	2	0	0	4	0	1	20	2	2	3	1	0	0	4	3	5	6	0	0	2	10	3	0	4	3	33	4	3	0	0	0	0	1	4	1	0	6	0	0	2	0	5	1	1	0	0	1	3	0	0	3	2	2	41	4	19	6	6	2	0	0	3	12	0	9	0	6	0	0	7	0	2	0	9	2	1	0	2	9	0	3	2	0	6	5	2	3	0	0	2	5	2	3	12	0	0	3	0	5	4	0	0	0	4	4	0	2	2	2	0	6	0	1	6	5	0	24	6	1	5	2	3	1	1	2	2	5	7	0	0	2	2	1	2	2	1	1	2	5	0	2	10	2	6	0	1	0	3	4	0	0	0	0	2	0	0	0
Punst1	Basidiomycota	Agaricomycetes	White_rot_fungi	0	1	2	2	12	1	0	11	0	0	1	18	4	1	0	0	9	2	1	1	14	21	0	7	1	4	3	1	0	2	1	3	4	10	2	1	2	7	5	1	6	1	10	1	5	2	0	1	0	1	2	1	1	3	0	2	1	0	2	1	1	3	1	1	1	0	1	4	3	1	26	2	14	4	6	1	1	0	5	13	1	14	0	2	0	1	8	1	4	0	2	1	7	1	1	5	0	3	2	2	3	2	1	1	0	0	1	3	2	3	5	0	1	1	5	5	1	2	0	3	7	9	0	1	1	0	1	4	1	1	15	4	0	12	3	1	3	1	1	1	1	1	1	3	6	1	0	2	1	1	1	2	1	1	1	2	0	1	4	5	2	2	0	1	2	1	1	1	0	1	2	1	2	1
Schco3	Basidiomycota	Agaricomycetes	White_rot_fungi	0	0	4	2	0	0	0	0	0	0	0	0	4	0	0	0	0	4	0	0	0	2	0	0	0	0	0	0	0	0	0	0	0	0	3	0	0	0	0	0	0	0	0	0	0	0	0	0	0	0	0	0	0	0	0	0	0	0	0	0	0	0	0	0	0	0	0	0	0	0	0	0	0	0	0	0	0	0	0	0	0	0	0	0	0	0	0	0	0	0	0	0	0	0	0	0	0	0	0	0	0	0	0	0	0	0	0	0	0	0	0	0	0	0	0	0	0	0	0	0	0	0	0	0	0	0	0	0	0	0	0	0	0	0	0	0	0	0	0	0	0	0	0	0	0	0	0	0	0	0	0	0	0	0	0	0	0	0	0	0	0	0	0	0	0	0	0	0	0	0	0	0	0	0
SerlaS7_9_2	Basidiomycota	Agaricomycetes	Brown_rot_fungi	1	0	3	1	4	1	0	0	0	0	2	7	5	0	3	0	3	2	0	4	5	8	1	5	1	2	1	2	0	0	2	2	4	15	0	0	0	2	6	0	2	1	15	3	1	0	0	0	0	1	2	1	0	5	0	2	1	0	1	1	1	1	1	1	1	0	1	2	5	1	20	2	11	3	2	1	1	0	3	7	1	10	0	2	0	0	5	0	3	0	2	1	2	0	0	6	1	1	1	0	6	2	1	2	0	1	1	3	1	4	5	0	1	1	0	4	2	1	0	1	2	6	0	1	1	2	1	4	0	1	4	3	0	17	3	1	4	1	1	1	1	1	1	3	4	1	0	2	1	1	1	2	1	1	1	2	0	1	3	5	3	0	1	0	2	1	0	0	0	0	1	0	0	2
Stehi1	Basidiomycota	Agaricomycetes	White_rot_fungi	2	0	3	3	15	2	0	6	0	0	1	40	7	0	0	0	8	1	3	2	16	17	1	2	1	5	1	2	0	0	2	3	10	1	1	3	1	9	7	1	5	1	18	3	6	2	0	1	0	2	5	1	0	6	0	3	1	1	3	2	1	4	1	2	1	1	1	3	5	1	26	4	21	3	4	1	0	0	5	17	4	17	0	2	1	2	8	1	7	0	2	1	12	1	1	6	1	3	2	0	2	2	2	2	0	1	1	4	2	1	4	0	1	1	3	8	2	2	1	4	3	12	2	1	1	0	1	6	1	1	6	4	1	16	3	1	4	1	1	1	1	1	1	3	4	0	1	2	1	1	1	2	1	1	1	2	1	1	7	1	2	0	1	1	1	2	0	2	2	2	3	2	1	2
Trave1	Basidiomycota	Agaricomycetes	White_rot_fungi	1	0	4	0	7	2	0	26	0	0	1	17	4	1	0	0	9	1	0	2	18	23	1	5	1	4	2	1	0	0	1	3	6	1	3	0	2	6	3	0	2	1	12	2	6	0	0	0	0	2	5	1	0	4	0	3	1	2	2	1	1	1	0	1	1	0	1	4	7	1	31	3	20	5	6	1	1	0	4	11	0	13	0	3	0	1	5	3	2	0	2	1	3	0	2	5	0	2	1	0	2	2	1	2	0	0	1	3	2	2	9	0	1	1	4	5	1	1	0	0	3	11	0	1	1	1	1	4	0	1	21	5	1	14	3	1	4	1	2	1	1	1	1	3	4	1	0	2	1	1	1	2	1	1	1	2	0	1	5	1	2	0	1	0	4	1	0	0	0	0	2	0	1	2
Wolco1	Basidiomycota	Agaricomycetes	Brown_rot_fungi	1	0	2	0	3	2	0	1	0	0	0	8	6	0	0	0	4	1	0	0	2	0	1	3	1	1	1	1	0	0	1	3	4	0	0	0	1	6	4	0	1	1	13	1	4	0	0	0	0	2	2	1	0	2	1	0	1	0	5	2	1	0	0	1	1	0	0	2	3	1	19	2	11	3	2	1	0	0	3	9	0	8	0	2	0	0	5	0	2	0	4	1	1	0	0	5	0	4	1	0	3	2	1	2	0	0	2	2	2	2	5	0	0	1	0	1	2	0	0	0	3	3	0	1	1	1	0	3	0	1	4	3	1	14	3	1	4	1	1	1	1	1	1	3	4	1	0	2	1	2	1	2	1	1	1	2	0	1	8	1	2	0	1	0	0	1	0	0	0	0	1	0	0	0
