portal_id	tax_phylum	tax_class	tax_order	eco_term
Aspquag1	Ascomycota	Eurotiomycetes	Eurotiales	N/A
Aspquaf1	Ascomycota	Eurotiomycetes	Eurotiales	N/A
Asptetr1	Ascomycota	Eurotiomycetes	Eurotiales	N/A
Aspsublat1	Ascomycota	Eurotiomycetes	Eurotiales	N/A
Aspden1	Ascomycota	Eurotiomycetes	Eurotiales	N/A
Aspnid1	Ascomycota	Eurotiomycetes	Eurotiales	N/A
Aspfove1	Ascomycota	Eurotiomycetes	Eurotiales	N/A
Aspacri1	Ascomycota	Eurotiomycetes	Eurotiales	N/A
Aspcle1	Ascomycota	Eurotiomycetes	Eurotiales	N/A
Aspne1	Ascomycota	Eurotiomycetes	Eurotiales	N/A
Aspind2_1	Ascomycota	Eurotiomycetes	Eurotiales	N/A
Aspsim1_1	Ascomycota	Eurotiomycetes	Eurotiales	N/A
Aspfalc1	Ascomycota	Eurotiomycetes	Eurotiales	N/A
Aspfru1	Ascomycota	Eurotiomycetes	Eurotiales	N/A
Asprec1_1	Ascomycota	Eurotiomycetes	Eurotiales	N/A
Aspnav1_1	Ascomycota	Eurotiomycetes	Eurotiales	N/A
Aspdese1	Ascomycota	Eurotiomycetes	Eurotiales	N/A
Aspstec1_1	Ascomycota	Eurotiomycetes	Eurotiales	N/A
Aspmul1_1	Ascomycota	Eurotiomycetes	Eurotiales	N/A
Aspmic1	Ascomycota	Eurotiomycetes	Eurotiales	N/A
Aspung1	Ascomycota	Eurotiomycetes	Eurotiales	N/A
Aspstel1_1	Ascomycota	Eurotiomycetes	Eurotiales	N/A
Aspven1	Ascomycota	Eurotiomycetes	Eurotiales	N/A
Aspdro1	Ascomycota	Eurotiomycetes	Eurotiales	N/A
Aspmir1	Ascomycota	Eurotiomycetes	Eurotiales	N/A
Aspfili1	Ascomycota	Eurotiomycetes	Eurotiales	N/A
Aspoli1_1	Ascomycota	Eurotiomycetes	Eurotiales	N/A
Aspund1_1	Ascomycota	Eurotiomycetes	Eurotiales	N/A
Aspcreb1	Ascomycota	Eurotiomycetes	Eurotiales	N/A
Asppuu1	Ascomycota	Eurotiomycetes	Eurotiales	N/A
Aspten1	Ascomycota	Eurotiomycetes	Eurotiales	N/A
Aspamoe1	Ascomycota	Eurotiomycetes	Eurotiales	N/A
Aspve1	Ascomycota	Eurotiomycetes	Eurotiales	N/A
Aspsy1	Ascomycota	Eurotiomycetes	Eurotiales	N/A
Aspaurlat1	Ascomycota	Eurotiomycetes	Eurotiales	N/A
Aspvar1	Ascomycota	Eurotiomycetes	Eurotiales	N/A
Aspaura1	Ascomycota	Eurotiomycetes	Eurotiales	N/A
Aspcru1	Ascomycota	Eurotiomycetes	Eurotiales	N/A
Aspspe1_1	Ascomycota	Eurotiomycetes	Eurotiales	N/A
Aspkar1	Ascomycota	Eurotiomycetes	Eurotiales	N/A
Aspamy1	Ascomycota	Eurotiomycetes	Eurotiales	N/A
Aspcalif1	Ascomycota	Eurotiomycetes	Eurotiales	N/A
Aspegy1	Ascomycota	Eurotiomycetes	Eurotiales	N/A
Aspger1	Ascomycota	Eurotiomycetes	Eurotiales	N/A
Aspth1	Ascomycota	Eurotiomycetes	Eurotiales	N/A
Aspkev1	Ascomycota	Eurotiomycetes	Eurotiales	N/A
Aspins1	Ascomycota	Eurotiomycetes	Eurotiales	N/A
Aspcal1	Ascomycota	Eurotiomycetes	Eurotiales	N/A
Asppdef1	Ascomycota	Eurotiomycetes	Eurotiales	N/A
Aspcar1	Ascomycota	Eurotiomycetes	Eurotiales	N/A
Asphethal1	Ascomycota	Eurotiomycetes	Eurotiales	N/A
Asppust1	Ascomycota	Eurotiomycetes	Eurotiales	N/A
Aspgra1	Ascomycota	Eurotiomycetes	Eurotiales	N/A
Aspluc1	Ascomycota	Eurotiomycetes	Eurotiales	N/A
Aspsil1	Ascomycota	Eurotiomycetes	Eurotiales	N/A
Aspbisp1	Ascomycota	Eurotiomycetes	Eurotiales	N/A
Aspoch1432_1	Ascomycota	Eurotiomycetes	Eurotiales	N/A
Aspram1	Ascomycota	Eurotiomycetes	Eurotiales	N/A
Aspoch1	Ascomycota	Eurotiomycetes	Eurotiales	N/A
Aspramb1	Ascomycota	Eurotiomycetes	Eurotiales	N/A
Aspfuni1	Ascomycota	Eurotiomycetes	Eurotiales	N/A
Aspbip1	Ascomycota	Eurotiomycetes	Eurotiales	N/A
Aspimp1	Ascomycota	Eurotiomycetes	Eurotiales	N/A
Asphai1	Ascomycota	Eurotiomycetes	Eurotiales	N/A
Aspaste1	Ascomycota	Eurotiomycetes	Eurotiales	N/A
Asptu1	Ascomycota	Eurotiomycetes	Eurotiales	N/A
Aspcos1	Ascomycota	Eurotiomycetes	Eurotiales	N/A
Aspneo1	Ascomycota	Eurotiomycetes	Eurotiales	N/A
Aspfo1	Ascomycota	Eurotiomycetes	Eurotiales	N/A
Aspka1_1	Ascomycota	Eurotiomycetes	Eurotiales	N/A
Asppip1	Ascomycota	Eurotiomycetes	Eurotiales	N/A
Aspeuc1	Ascomycota	Eurotiomycetes	Eurotiales	N/A
Aspvad1	Ascomycota	Eurotiomycetes	Eurotiales	N/A
Asplac1	Ascomycota	Eurotiomycetes	Eurotiales	N/A
Aspni_DSM_1	Ascomycota	Eurotiomycetes	Eurotiales	N/A
Aspni_bvT_1	Ascomycota	Eurotiomycetes	Eurotiales	N/A
Aspni7	Ascomycota	Eurotiomycetes	Eurotiales	N/A
Aspni_NRRL3_1	Ascomycota	Eurotiomycetes	Eurotiales	N/A
Aspph1	Ascomycota	Eurotiomycetes	Eurotiales	N/A
Aspwel1	Ascomycota	Eurotiomycetes	Eurotiales	N/A
Aspbr1	Ascomycota	Eurotiomycetes	Eurotiales	N/A
Aspca3	Ascomycota	Eurotiomycetes	Eurotiales	N/A
Aspscl1	Ascomycota	Eurotiomycetes	Eurotiales	N/A
Aspibe1	Ascomycota	Eurotiomycetes	Eurotiales	N/A
Aspscle1	Ascomycota	Eurotiomycetes	Eurotiales	N/A
Aspell1	Ascomycota	Eurotiomycetes	Eurotiales	N/A
Asphet1	Ascomycota	Eurotiomycetes	Eurotiales	N/A
Aspbru1	Ascomycota	Eurotiomycetes	Eurotiales	N/A
Aspfij1	Ascomycota	Eurotiomycetes	Eurotiales	N/A
Aspacu1	Ascomycota	Eurotiomycetes	Eurotiales	N/A
Asptri1	Ascomycota	Eurotiomycetes	Eurotiales	N/A
Aspac1	Ascomycota	Eurotiomycetes	Eurotiales	N/A
Aspflor1	Ascomycota	Eurotiomycetes	Eurotiales	N/A
Aspjap1	Ascomycota	Eurotiomycetes	Eurotiales	N/A
Aspvio1	Ascomycota	Eurotiomycetes	Eurotiales	N/A
Aspind1	Ascomycota	Eurotiomycetes	Eurotiales	N/A
Aspuva1	Ascomycota	Eurotiomycetes	Eurotiales	N/A
Aspsac1	Ascomycota	Eurotiomycetes	Eurotiales	N/A
Asphom1	Ascomycota	Eurotiomycetes	Eurotiales	N/A
Asppar1	Ascomycota	Eurotiomycetes	Eurotiales	N/A
Asptra1	Ascomycota	Eurotiomycetes	Eurotiales	N/A
Aspnovo1	Ascomycota	Eurotiomycetes	Eurotiales	N/A
Aspser1	Ascomycota	Eurotiomycetes	Eurotiales	N/A
Aspara19utr	Ascomycota	Eurotiomycetes	Eurotiales	N/A
Asppari1				N/A
Aspor1	Ascomycota	Eurotiomycetes	Eurotiales	N/A
Aspfl1	Ascomycota	Eurotiomycetes	Eurotiales	N/A
Aspmin1	Ascomycota	Eurotiomycetes	Eurotiales	N/A
Aspcae1	Ascomycota	Eurotiomycetes	Eurotiales	N/A
Asppsec1	Ascomycota	Eurotiomycetes	Eurotiales	N/A
Asppset1	Ascomycota	Eurotiomycetes	Eurotiales	N/A
Asptam1	Ascomycota	Eurotiomycetes	Eurotiales	N/A
Aspnom1	Ascomycota	Eurotiomycetes	Eurotiales	N/A
Asppsen1	Ascomycota	Eurotiomycetes	Eurotiales	N/A
Aspnom13137_1	Ascomycota	Eurotiomycetes	Eurotiales	N/A
Aspbom1	Ascomycota	Eurotiomycetes	Eurotiales	N/A
Aspber1	Ascomycota	Eurotiomycetes	Eurotiales	N/A
Aspalbe1				N/A
Aspalli1	Ascomycota	Eurotiomycetes	Eurotiales	N/A
Aspcor1	Ascomycota	Eurotiomycetes	Eurotiales	N/A
Asplep1	Ascomycota	Eurotiomycetes	Eurotiales	N/A
Aspave1	Ascomycota	Eurotiomycetes	Eurotiales	N/A
Aspcap1	Ascomycota	Eurotiomycetes	Eurotiales	N/A
Aspiiz1	Ascomycota	Eurotiomycetes	Eurotiales	N/A
Aspfla1	Ascomycota	Eurotiomycetes	Eurotiales	N/A
Asptem1	Ascomycota	Eurotiomycetes	Eurotiales	N/A
Aspfre1	Ascomycota	Eurotiomycetes	Eurotiales	N/A
Aspneof1	Ascomycota	Eurotiomycetes	Eurotiales	N/A
Aspaurful1	Ascomycota	Eurotiomycetes	Eurotiales	N/A
Asplup1	Ascomycota	Eurotiomycetes	Eurotiales	N/A
Asppterr1	Ascomycota	Eurotiomycetes	Eurotiales	N/A
Aspte1	Ascomycota	Eurotiomycetes	Eurotiales	N/A
Aspala1	Ascomycota	Eurotiomycetes	Eurotiales	N/A
Aspflo1	Ascomycota	Eurotiomycetes	Eurotiales	N/A
Aspaur1	Ascomycota	Eurotiomycetes	Eurotiales	N/A
Aspall1	Ascomycota	Eurotiomycetes	Eurotiales	N/A
Aspneoi1	Ascomycota	Eurotiomycetes	Eurotiales	N/A
Aspamb1	Ascomycota	Eurotiomycetes	Eurotiales	N/A
Aspbrev1	Ascomycota	Eurotiomycetes	Eurotiales	N/A
Aspnaka1	Ascomycota	Eurotiomycetes	Eurotiales	N/A
Aspses1	Ascomycota	Eurotiomycetes	Eurotiales	N/A
Aspneoa1	Ascomycota	Eurotiomycetes	Eurotiales	N/A
Asposti1	Ascomycota	Eurotiomycetes	Eurotiales	N/A
Asppet1	Ascomycota	Eurotiomycetes	Eurotiales	N/A
Aspwest1	Ascomycota	Eurotiomycetes	Eurotiales	N/A
Aspaff1	Ascomycota	Eurotiomycetes	Eurotiales	N/A
Aspcre1	Ascomycota	Eurotiomycetes	Eurotiales	N/A
Aspmuri1	Ascomycota	Eurotiomycetes	Eurotiales	N/A
Aspsub1	Ascomycota	Eurotiomycetes	Eurotiales	N/A
Aspwes1	Ascomycota	Eurotiomycetes	Eurotiales	N/A
Aspchr1	Ascomycota	Eurotiomycetes	Eurotiales	N/A
Aspsc1	Ascomycota	Eurotiomycetes	Eurotiales	N/A
Aspper1	Ascomycota	Eurotiomycetes	Eurotiales	N/A
Aspsubr1	Ascomycota	Eurotiomycetes	Eurotiales	N/A
Aspsul1	Ascomycota	Eurotiomycetes	Eurotiales	N/A
Aspros1	Ascomycota	Eurotiomycetes	Eurotiales	N/A
Aspele1	Ascomycota	Eurotiomycetes	Eurotiales	N/A
Aspste1	Ascomycota	Eurotiomycetes	Eurotiales	N/A
Aspfloc1	Ascomycota	Eurotiomycetes	Eurotiales	N/A
Asppul1	Ascomycota	Eurotiomycetes	Eurotiales	N/A
Asptan1	Ascomycota	Eurotiomycetes	Eurotiales	N/A
Asprobu1	Ascomycota	Eurotiomycetes	Eurotiales	N/A
Aspcam1	Ascomycota	Eurotiomycetes	Eurotiales	N/A
Aspcand1	Ascomycota	Eurotiomycetes	Eurotiales	N/A
Asptaic1	Ascomycota	Eurotiomycetes	Eurotiales	N/A
Asptr1	Ascomycota	Eurotiomycetes	Eurotiales	N/A
Aspneow1	Ascomycota	Eurotiomycetes	Eurotiales	N/A
Asppap1	Ascomycota	Eurotiomycetes	Eurotiales	N/A
Aspgal1	Ascomycota	Eurotiomycetes	Eurotiales	N/A
Aspshe1	Ascomycota	Eurotiomycetes	Eurotiales	N/A
Asphir1	Ascomycota	Eurotiomycetes	Eurotiales	N/A
Asppern1	Ascomycota	Eurotiomycetes	Eurotiales	N/A
Asptur1	Ascomycota	Eurotiomycetes	Eurotiales	N/A
Aspnis1	Ascomycota	Eurotiomycetes	Eurotiales	N/A
Aspspa1	Ascomycota	Eurotiomycetes	Eurotiales	N/A
Aspaurlut1	Ascomycota	Eurotiomycetes	Eurotiales	N/A
Aspwak1	Ascomycota	Eurotiomycetes	Eurotiales	N/A
Aspass1	Ascomycota	Eurotiomycetes	Eurotiales	N/A
Aspmult1	Ascomycota	Eurotiomycetes	Eurotiales	N/A
Aspfer1	Ascomycota	Eurotiomycetes	Eurotiales	N/A
Asppal1_1	Ascomycota	Eurotiomycetes	Eurotiales	N/A
Asppri1	Ascomycota	Eurotiomycetes	Eurotiales	N/A
Asptsu1	Ascomycota	Eurotiomycetes	Eurotiales	N/A
Aspdur1	Ascomycota	Eurotiomycetes	Eurotiales	N/A
Aspbre1	Ascomycota	Eurotiomycetes	Eurotiales	N/A
Aspfu1	Ascomycota	Eurotiomycetes	Eurotiales	N/A
Aspfu_A1163_1	Ascomycota	Eurotiomycetes	Eurotiales	N/A
Aspoer1	Ascomycota	Eurotiomycetes	Eurotiales	N/A
Neofi1	Ascomycota	Eurotiomycetes	Eurotiales	N/A
Aspfumis1	Ascomycota	Eurotiomycetes	Eurotiales	N/A
Asplen1	Ascomycota	Eurotiomycetes	Eurotiales	N/A
Aspfumig1	Ascomycota	Eurotiomycetes	Eurotiales	N/A
Aspnov1	Ascomycota	Eurotiomycetes	Eurotiales	N/A
Aspbot1	Ascomycota	Eurotiomycetes	Eurotiales	N/A
Aspspi1	Ascomycota	Eurotiomycetes	Eurotiales	N/A
Asplaci1	Ascomycota	Eurotiomycetes	Eurotiales	N/A
Aspcorea1	Ascomycota	Eurotiomycetes	Eurotiales	N/A
Aspign1	Ascomycota	Eurotiomycetes	Eurotiales	N/A
Aspuda1	Ascomycota	Eurotiomycetes	Eurotiales	N/A
Aspsia1	Ascomycota	Eurotiomycetes	Eurotiales	N/A
Asppsev1	Ascomycota	Eurotiomycetes	Eurotiales	N/A
Asppsf1	Ascomycota	Eurotiomycetes	Eurotiales	N/A
Aspvir1	Ascomycota	Eurotiomycetes	Eurotiales	N/A
Aspthe1	Ascomycota	Eurotiomycetes	Eurotiales	N/A
Aspcla1	Ascomycota	Eurotiomycetes	Eurotiales	N/A
Asprhi1	Ascomycota	Eurotiomycetes	Eurotiales	N/A
Aspgig1	Ascomycota	Eurotiomycetes	Eurotiales	N/A
Asplon1	Ascomycota	Eurotiomycetes	Eurotiales	N/A
Aspcl1	Ascomycota	Eurotiomycetes	Eurotiales	N/A
Aspnut1	Ascomycota	Eurotiomycetes	Eurotiales	N/A
Aspparv1	Ascomycota	Eurotiomycetes	Eurotiales	N/A
Aspcer1	Ascomycota	Eurotiomycetes	Eurotiales	N/A
Asptran1	Ascomycota	Eurotiomycetes	Eurotiales	N/A
Aspchev1	Ascomycota	Eurotiomycetes	Eurotiales	N/A
Aspcri1	Ascomycota	Eurotiomycetes	Eurotiales	N/A
Aspcost1	Ascomycota	Eurotiomycetes	Eurotiales	N/A
Aspgl1	Ascomycota	Eurotiomycetes	Eurotiales	N/A
Eurhe1	Ascomycota	Eurotiomycetes	Eurotiales	N/A
Aspcu1	Ascomycota	Eurotiomycetes	Eurotiales	N/A
Aspneoc1	Ascomycota	Eurotiomycetes	Eurotiales	N/A
Aspres1	Ascomycota	Eurotiomycetes	Eurotiales	N/A
Asppeni1	Ascomycota	Eurotiomycetes	Eurotiales	N/A
Aspsep1	Ascomycota	Eurotiomycetes	Eurotiales	N/A
Aspwe1	Ascomycota	Eurotiomycetes	Eurotiales	N/A
Asparx1	Ascomycota	Eurotiomycetes	Eurotiales	N/A
Aspcanin1	Ascomycota	Eurotiomycetes	Eurotiales	N/A
Aspinso1	Ascomycota	Eurotiomycetes	Eurotiales	N/A
Penex1	Ascomycota	Eurotiomycetes	Eurotiales	N/A
Pendi1	Ascomycota	Eurotiomycetes	Eurotiales	N/A
Penth1	Ascomycota	Eurotiomycetes	Eurotiales	N/A
Pensoli1	Ascomycota	Eurotiomycetes	Eurotiales	N/A
Penswi1	Ascomycota	Eurotiomycetes	Eurotiales	N/A
Pench1	Ascomycota	Eurotiomycetes	Eurotiales	N/A
PenchWisc1_1	Ascomycota	Eurotiomycetes	Eurotiales	N/A
Penla1	Ascomycota	Eurotiomycetes	Eurotiales	N/A
Penvul1	Ascomycota	Eurotiomycetes	Eurotiales	N/A
Penatra1	Ascomycota	Eurotiomycetes	Eurotiales	N/A
Penbr2	Ascomycota	Eurotiomycetes	Eurotiales	N/A
PenbrAgRF18_1	Ascomycota	Eurotiomycetes	Eurotiales	N/A
Penra1	Ascomycota	Eurotiomycetes	Eurotiales	N/A
Penca1	Ascomycota	Eurotiomycetes	Eurotiales	N/A
Penja1	Ascomycota	Eurotiomycetes	Eurotiales	N/A
Pensub1	Ascomycota	Eurotiomycetes	Eurotiales	N/A
Penox1	Ascomycota	Eurotiomycetes	Eurotiales	N/A
Penbi1	Ascomycota	Eurotiomycetes	Eurotiales	N/A
Pengl1	Ascomycota	Eurotiomycetes	Eurotiales	N/A
Penfe1	Ascomycota	Eurotiomycetes	Eurotiales	N/A
ThyNC0857_1	Ascomycota	Eurotiomycetes	Eurotiales	N/A
Aspzo1	Ascomycota	Eurotiomycetes	Eurotiales	N/A
Monpu1	Ascomycota	Eurotiomycetes	Eurotiales	N/A
Monru1	Ascomycota	Eurotiomycetes	Eurotiales	N/A
Paevar1	Ascomycota	Eurotiomycetes	Eurotiales	N/A
Paevar_HGY_1	Ascomycota	Eurotiomycetes	Eurotiales	N/A
Byssp1	Ascomycota	Eurotiomycetes	Eurotiales	N/A
Bysni1	Ascomycota	Eurotiomycetes	Eurotiales	N/A
Theau1	Ascomycota	Eurotiomycetes	Eurotiales	Thermophilic_Fungi
Theau2	Ascomycota	Eurotiomycetes	Eurotiales	Thermophilic_Fungi
Penac1	Ascomycota	Eurotiomycetes	Eurotiales	N/A
Talma1_2	Ascomycota	Eurotiomycetes	Eurotiales	N/A
Talst1_2	Ascomycota	Eurotiomycetes	Eurotiales	N/A
Talabor1	Ascomycota	Eurotiomycetes	Eurotiales	N/A
Talpro1	Ascomycota	Eurotiomycetes	Eurotiales	N/A
Artbe1	Ascomycota	Eurotiomycetes	Onygenales	N/A
Triver1	Ascomycota	Eurotiomycetes	Onygenales	N/A
Triru1	Ascomycota	Eurotiomycetes	Onygenales	N/A
Micca1	Ascomycota	Eurotiomycetes	Onygenales	N/A
Cocim1	Ascomycota	Eurotiomycetes	Onygenales	N/A
Uncre1	Ascomycota	Eurotiomycetes	Onygenales	N/A
Gymau1	Ascomycota	Eurotiomycetes	Onygenales	N/A
Gymci1_1	Ascomycota	Eurotiomycetes	Onygenales	N/A
Parbr1	Ascomycota	Eurotiomycetes	Onygenales	N/A
Blade1	Ascomycota	Eurotiomycetes	Onygenales	N/A
Hisca1	Ascomycota	Eurotiomycetes	Onygenales	N/A
Calor1	Ascomycota	Eurotiomycetes	Coryneliales	N/A
Fonmo1	Ascomycota	Eurotiomycetes	Chaetothyriales	N/A
Fonpe1	Ascomycota	Eurotiomycetes	Chaetothyriales	black_yeasts
Fonnu1	Ascomycota	Eurotiomycetes	Chaetothyriales	N/A
Claim1	Ascomycota	Eurotiomycetes	Chaetothyriales	black_yeasts
Fonmu1	Ascomycota	Eurotiomycetes	Chaetothyriales	black_yeasts
Claba1	Ascomycota	Eurotiomycetes	Chaetothyriales	black_yeasts
Claps1	Ascomycota	Eurotiomycetes	Chaetothyriales	black_yeasts
Claca1	Ascomycota	Eurotiomycetes	Chaetothyriales	black_yeasts
Claye1	Ascomycota	Eurotiomycetes	Chaetothyriales	black_yeasts
Capse1	Ascomycota	Eurotiomycetes	Chaetothyriales	black_yeasts
Exoalc1	Ascomycota	Eurotiomycetes	Chaetothyriales	N/A
Exoalc1_J33	Ascomycota	Eurotiomycetes	Chaetothyriales	N/A
EurotioJF033F_1	Ascomycota	Eurotiomycetes		N/A
EurotioJF034F_1	Ascomycota	Eurotiomycetes		N/A
Exosi1	Ascomycota	Eurotiomycetes	Chaetothyriales	black_yeasts
Exool1	Ascomycota	Eurotiomycetes	Chaetothyriales	black_yeasts
Exosp1	Ascomycota	Eurotiomycetes	Chaetothyriales	black_yeasts
Exoxe1	Ascomycota	Eurotiomycetes	Chaetothyriales	black_yeasts
Capcor1	Ascomycota	Eurotiomycetes	Chaetothyriales	black_yeasts
Capep1	Ascomycota	Eurotiomycetes	Chaetothyriales	black_yeasts
Capfu1	Ascomycota	Eurotiomycetes	Chaetothyriales	N/A
Exoaq1	Ascomycota	Eurotiomycetes	Chaetothyriales	black_yeasts
Exome1	Ascomycota	Eurotiomycetes	Chaetothyriales	black_yeasts
Cypeu1	Ascomycota	Eurotiomycetes	Chaetothyriales	black_yeasts
Cocba1	Ascomycota	Eurotiomycetes	Chaetothyriales	N/A
Endpal1	Ascomycota	Eurotiomycetes	Verrucariales	N/A
EndpusZ1	Ascomycota	Eurotiomycetes	Verrucariales	lichen_mycobionts,lichens
ClaNC0930_1	Ascomycota	Eurotiomycetes	Phaeomoniellales	N/A
Phach1	Ascomycota	Eurotiomycetes	Phaeomoniellales	N/A
Sclsan1	Ascomycota	Coniocybomycetes	Coniocybales	lichen_mycobionts,lichens
LobpulAf1	Ascomycota	Lecanoromycetes	Peltigerales	lichen_mycobionts,lichens
LobpulSw1	Ascomycota	Lecanoromycetes	Peltigerales	lichen_mycobionts,lichens
LobpulSp1	Ascomycota	Lecanoromycetes	Peltigerales	lichen_mycobionts,lichens
LobpulSc1	Ascomycota	Lecanoromycetes	Peltigerales	lichen_mycobionts,lichens
Lobpul1	Ascomycota	Lecanoromycetes	Peltigerales	lichen_mycobionts,lichens
Clagr3	Ascomycota	Lecanoromycetes	Lecanorales	lichen_mycobionts,cladonia_grayi_lichen,lichens
Usnflo1	Ascomycota	Lecanoromycetes	Lecanorales	lichen_mycobionts,lichens
Xanpa2	Ascomycota	Lecanoromycetes	Teloschistales	lichen_mycobionts,lichens
Dibbae1	Ascomycota	Lecanoromycetes	Pertusariales	N/A
Grascr1	Ascomycota	Lecanoromycetes	Ostropales	N/A
Acastr1	Ascomycota	Lecanoromycetes	Acarosporales	N/A
Trigu1	Ascomycota	Xylonomycetes	Xylonales	N/A
Xylhe1	Ascomycota	Xylonomycetes	Xylonales	N/A
Symko1	Ascomycota	Xylonomycetes	Symbiotaphrinales	N/A
Altalt1	Ascomycota	Dothideomycetes	Pleosporales	N/A
AltAST0039	Ascomycota	Dothideomycetes	Pleosporales	N/A
Altal1	Ascomycota	Dothideomycetes	Pleosporales	N/A
Altbr1	Ascomycota	Dothideomycetes	Pleosporales	N/A
Altro1	Ascomycota	Dothideomycetes	Pleosporales	N/A
Cocca1	Ascomycota	Dothideomycetes	Pleosporales	N/A
Cocvi1	Ascomycota	Dothideomycetes	Pleosporales	N/A
Cocmi1	Ascomycota	Dothideomycetes	Pleosporales	N/A
CocheC4_1	Ascomycota	Dothideomycetes	Pleosporales	N/A
CocheC5_3	Ascomycota	Dothideomycetes	Pleosporales	N/A
Cocsa1	Ascomycota	Dothideomycetes	Pleosporales	N/A
Coclu2	Ascomycota	Dothideomycetes	Pleosporales	N/A
Settu3	Ascomycota	Dothideomycetes	Pleosporales	N/A
Settur3	Ascomycota	Dothideomycetes	Pleosporales	N/A
Stely1	Ascomycota	Dothideomycetes	Pleosporales	N/A
Pyrtr1	Ascomycota	Dothideomycetes	Pleosporales	N/A
Pyrtt1	Ascomycota	Dothideomycetes	Pleosporales	N/A
Decga1	Ascomycota	Dothideomycetes	Pleosporales	N/A
Clael1	Ascomycota	Dothideomycetes	Pleosporales	N/A
Lepmu1	Ascomycota	Dothideomycetes	Pleosporales	N/A
Photr1	Ascomycota	Dothideomycetes	Pleosporales	N/A
Pyrly1	Ascomycota	Dothideomycetes	Pleosporales	N/A
PlePMI138_1	Ascomycota	Dothideomycetes	Pleosporales	N/A
Pyrsp1	Ascomycota	Dothideomycetes	Pleosporales	N/A
Cucbe1	Ascomycota	Dothideomycetes	Pleosporales	N/A
Fenfe1	Ascomycota	Dothideomycetes	Pleosporales	N/A
Phapo1	Ascomycota	Dothideomycetes	Pleosporales	N/A
Stasp1	Ascomycota	Dothideomycetes	Pleosporales	N/A
Ampqui1	Ascomycota	Dothideomycetes	Pleosporales	N/A
Stano2	Ascomycota	Dothideomycetes	Pleosporales	N/A
Ophdi1	Ascomycota	Dothideomycetes	Pleosporales	N/A
Parch1	Ascomycota	Dothideomycetes	Pleosporales	N/A
Parchr1	Ascomycota	Dothideomycetes	Pleosporales	N/A
Setho1	Ascomycota	Dothideomycetes	Pleosporales	N/A
PhaPMI808	Ascomycota	Dothideomycetes	Pleosporales	N/A
Boeex1	Ascomycota	Dothideomycetes	Pleosporales	N/A
Phomu1	Ascomycota	Dothideomycetes	Pleosporales	N/A
Epini1	Ascomycota	Dothideomycetes	Pleosporales	N/A
Didex1	Ascomycota	Dothideomycetes	Pleosporales	N/A
Didma1	Ascomycota	Dothideomycetes	Pleosporales	N/A
Macan1	Ascomycota	Dothideomycetes	Pleosporales	N/A
Ascra1	Ascomycota	Dothideomycetes	Pleosporales	N/A
Lizem1	Ascomycota	Dothideomycetes		N/A
Dotsy1	Ascomycota	Dothideomycetes	Pleosporales	N/A
Jahaq1	Ascomycota	Dothideomycetes	Jahnulales	N/A
Pleav1	Ascomycota	Dothideomycetes		N/A
Bysci1	Ascomycota	Dothideomycetes	Pleosporales	N/A
Maseb1	Ascomycota	Dothideomycetes	Pleosporales	N/A
Microd1	Ascomycota	Dothideomycetes	Botryosphaeriales	N/A
Perma1	Ascomycota	Dothideomycetes	Pleosporales	N/A
Lenfl1	Ascomycota	Dothideomycetes	Pleosporales	N/A
Karrh1	Ascomycota	Dothideomycetes	Pleosporales	N/A
Parsp1	Ascomycota	Dothideomycetes	Pleosporales	N/A
Bimnz1	Ascomycota	Dothideomycetes	Pleosporales	N/A
Didsa1	Ascomycota	Dothideomycetes		N/A
Trepe1	Ascomycota	Dothideomycetes	Pleosporales	N/A
Corca1	Ascomycota	Dothideomycetes	Pleosporales	N/A
Masph1	Ascomycota	Dothideomycetes	Pleosporales	N/A
Herpot1_1	Ascomycota	Dothideomycetes	Pleosporales	N/A
Plesi1	Ascomycota	Dothideomycetes	Pleosporales	N/A
Melpu1	Ascomycota	Dothideomycetes	Pleosporales	N/A
Spofi1	Ascomycota	Dothideomycetes	Pleosporales	N/A
Wesor1	Ascomycota	Dothideomycetes	Pleosporales	N/A
Currey1	Ascomycota	Dothideomycetes	Pleosporales	N/A
Lopma1	Ascomycota	Dothideomycetes	Pleosporales	N/A
Aaoar1	Ascomycota	Dothideomycetes	Pleosporales	N/A
Denna1	Ascomycota	Dothideomycetes	Pleosporales	N/A
Lopnu1	Ascomycota	Dothideomycetes	Pleosporales	N/A
Polfu1	Ascomycota	Dothideomycetes	Pleosporales	N/A
Veren1	Ascomycota	Dothideomycetes	Pleosporales	N/A
Amnli1	Ascomycota	Dothideomycetes	Pleosporales	N/A
Cloaq1	Ascomycota	Dothideomycetes	Pleosporales	N/A
Linin1	Ascomycota	Dothideomycetes	Pleosporales	N/A
Zoprh1	Ascomycota	Dothideomycetes		N/A
Delco1	Ascomycota	Dothideomycetes	Pleosporales	N/A
DelFL0756_1	Ascomycota	Dothideomycetes	Pleosporales	N/A
Glonio1	Ascomycota	Dothideomycetes	Hysteriales	N/A
Hyspu1_1	Ascomycota	Dothideomycetes	Hysteriales	N/A
Rhyru1_1	Ascomycota	Dothideomycetes	Hysteriales	N/A
Lopmy1	Ascomycota	Dothideomycetes	Mytilinidiales	N/A
Mytre1	Ascomycota	Dothideomycetes	Mytilinidiales	N/A
Lophiu1	Ascomycota	Dothideomycetes	Mytilinidiales	N/A
Cenge3	Ascomycota	Dothideomycetes		mycorrhizal_fungi
Glost2	Ascomycota	Dothideomycetes		N/A
Leppa1	Ascomycota	Dothideomycetes	Mytilinidiales	N/A
Psehy1	Ascomycota	Dothideomycetes	Acrospermales	N/A
Alikh1	Ascomycota	Dothideomycetes	Jahnulales	N/A
Linrh1	Ascomycota	Dothideomycetes	Lineolatales	N/A
Phy27169	Ascomycota	Dothideomycetes	Botryosphaeriales	N/A
Phycpc1	Ascomycota	Dothideomycetes	Botryosphaeriales	N/A
Phycitr1	Ascomycota	Dothideomycetes	Botryosphaeriales	N/A
Phycit1	Ascomycota	Dothideomycetes	Botryosphaeriales	N/A
Phcit1	Ascomycota	Dothideomycetes	Botryosphaeriales	N/A
Phcitr1	Ascomycota	Dothideomycetes	Botryosphaeriales	N/A
Phycap1	Ascomycota	Dothideomycetes	Botryosphaeriales	N/A
Macph1	Ascomycota	Dothideomycetes	Botryosphaeriales	N/A
Macpha1	Ascomycota	Dothideomycetes	Botryosphaeriales	N/A
Botdo1_1	Ascomycota	Dothideomycetes	Botryosphaeriales	N/A
Dipse1	Ascomycota	Dothideomycetes	Botryosphaeriales	N/A
Neopa1	Ascomycota	Dothideomycetes	Botryosphaeriales	N/A
Meltu1	Ascomycota	Dothideomycetes	Botryosphaeriales	N/A
Aplpr1	Ascomycota	Dothideomycetes	Botryosphaeriales	N/A
Sacpr1	Ascomycota	Dothideomycetes	Botryosphaeriales	N/A
Conap1	Ascomycota	Dothideomycetes		black_yeasts
Patat1	Ascomycota	Dothideomycetes	Patellariales	N/A
Venin1	Ascomycota	Dothideomycetes	Venturiales	N/A
Venpi1	Ascomycota	Dothideomycetes	Venturiales	N/A
Verga1	Ascomycota	Dothideomycetes	Venturiales	black_yeasts
Totfu1	Ascomycota	Dothideomycetes	Venturiales	N/A
Tribi1	Ascomycota	Dothideomycetes	Phaeotrichales	N/A
Micmi1	Ascomycota	Dothideomycetes	Microthyriales	N/A
Stobe1	Ascomycota	Dothideomycetes		N/A
Erebi1	Ascomycota	Dothideomycetes	Eremomycetales	N/A
Aulhe2	Ascomycota	Dothideomycetes	Aulographales	N/A
Rhili1	Ascomycota	Dothideomycetes	Aulographales	N/A
Tryvi1	Ascomycota	Dothideomycetes	Trypetheliales	lichen_mycobionts,lichens
Sepmu1	Ascomycota	Dothideomycetes	Mycosphaerellales	N/A
Seppo1	Ascomycota	Dothideomycetes	Mycosphaerellales	N/A
Cerzm1	Ascomycota	Dothideomycetes	Mycosphaerellales	N/A
Mycfi2	Ascomycota	Dothideomycetes	Mycosphaerellales	N/A
Pseule1	Ascomycota	Dothideomycetes	Mycosphaerellales	N/A
Clafu1	Ascomycota	Dothideomycetes	Mycosphaerellales	N/A
Dotse1	Ascomycota	Dothideomycetes	Mycosphaerellales	N/A
Zasce1	Ascomycota	Dothideomycetes	Mycosphaerellales	N/A
Mycgr3	Ascomycota	Dothideomycetes	Mycosphaerellales	N/A
Zymps1	Ascomycota	Dothideomycetes	Mycosphaerellales	N/A
Zymbr1	Ascomycota	Dothideomycetes	Mycosphaerellales	N/A
Zymar1	Ascomycota	Dothideomycetes	Mycosphaerellales	N/A
Disac1	Ascomycota	Dothideomycetes	Mycosphaerellales	N/A
Horac1	Ascomycota	Dothideomycetes	Mycosphaerellales	N/A
Aciri1_iso	Ascomycota	Dothideomycetes	Mycosphaerellales	N/A
Aciri1_meta	Ascomycota	Dothideomycetes	Mycosphaerellales	N/A
Pieho1_1	Ascomycota	Dothideomycetes	Capnodiales	N/A
Ternu1	Ascomycota	Dothideomycetes	Mycosphaerellales	N/A
Bauco1	Ascomycota	Dothideomycetes	Mycosphaerellales	N/A
TerNC1134_1	Ascomycota	Dothideomycetes	Mycosphaerellales	N/A
Horwer1	Ascomycota	Dothideomycetes	Mycosphaerellales	N/A
Clasph1	Ascomycota	Dothideomycetes	Cladosporiales	N/A
Polci1	Ascomycota	Dothideomycetes	Capnodiales	N/A
Aurpu_var_mel1	Ascomycota	Dothideomycetes	Dothideales	N/A
Aurpu_var_nam1	Ascomycota	Dothideomycetes	Dothideales	N/A
Aurpu_var_sub1	Ascomycota	Dothideomycetes	Dothideales	N/A
Aurpu_var_pul1	Ascomycota	Dothideomycetes	Dothideales	N/A
AurpulNBB1	Ascomycota	Dothideomycetes	Dothideales	N/A
Delst1	Ascomycota	Dothideomycetes	Dothideales	N/A
Elsamp1	Ascomycota	Dothideomycetes	Myriangiales	N/A
Myrdu1	Ascomycota	Dothideomycetes	Myriangiales	N/A
Myrian1	Ascomycota	Dothideomycetes	Myriangiales	N/A
Triha1	Ascomycota	Sordariomycetes	Hypocreales	N/A
Trihar1	Ascomycota	Sordariomycetes	Hypocreales	N/A
Trigui1	Ascomycota	Sordariomycetes	Hypocreales	N/A
Trien1	Ascomycota	Sordariomycetes	Hypocreales	N/A
Triatrob1	Ascomycota	Sordariomycetes	Hypocreales	N/A
TriharM10_1	Ascomycota	Sordariomycetes	Hypocreales	N/A
TriharT22_1	Ascomycota	Sordariomycetes	Hypocreales	N/A
Triag1	Ascomycota	Sordariomycetes	Hypocreales	N/A
Tripare1	Ascomycota	Sordariomycetes	Hypocreales	N/A
Triple1	Ascomycota	Sordariomycetes	Hypocreales	N/A
Trice1	Ascomycota	Sordariomycetes	Hypocreales	N/A
TriviGv29_8_2	Ascomycota	Sordariomycetes	Hypocreales	N/A
Trihel1	Ascomycota	Sordariomycetes	Hypocreales	N/A
Trire2	Ascomycota	Sordariomycetes	Hypocreales	N/A
TrireRUTC30_1	Ascomycota	Sordariomycetes	Hypocreales	N/A
Tripar1	Ascomycota	Sordariomycetes	Hypocreales	N/A
Trilo3	Ascomycota	Sordariomycetes	Hypocreales	N/A
Trilon1	Ascomycota	Sordariomycetes	Hypocreales	N/A
Trieff1	Ascomycota	Sordariomycetes	Hypocreales	N/A
Trici4	Ascomycota	Sordariomycetes	Hypocreales	N/A
Trifla1	Ascomycota	Sordariomycetes	Hypocreales	N/A
Trisin1	Ascomycota	Sordariomycetes	Hypocreales	N/A
Triatro1	Ascomycota	Sordariomycetes	Hypocreales	N/A
Triatrov1	Ascomycota	Sordariomycetes	Hypocreales	N/A
Triatr1	Ascomycota	Sordariomycetes	Hypocreales	N/A
Triat2	Ascomycota	Sordariomycetes	Hypocreales	N/A
Trigam1	Ascomycota	Sordariomycetes	Hypocreales	N/A
Trikon1	Ascomycota	Sordariomycetes	Hypocreales	N/A
Triham1	Ascomycota	Sordariomycetes	Hypocreales	N/A
Triasp1	Ascomycota	Sordariomycetes	Hypocreales	N/A
Triaspe1	Ascomycota	Sordariomycetes	Hypocreales	N/A
Trias1	Ascomycota	Sordariomycetes	Hypocreales	N/A
Tribre1	Ascomycota	Sordariomycetes	Hypocreales	N/A
Tribrev1	Ascomycota	Sordariomycetes	Hypocreales	N/A
Triaru1	Ascomycota	Sordariomycetes	Hypocreales	N/A
Beaba1	Ascomycota	Sordariomycetes	Hypocreales	N/A
Cormi1	Ascomycota	Sordariomycetes	Hypocreales	N/A
Metac1	Ascomycota	Sordariomycetes	Hypocreales	N/A
Metro1	Ascomycota	Sordariomycetes	Hypocreales	N/A
Pocchl1	Ascomycota	Sordariomycetes	Hypocreales	N/A
Ustvir1	Ascomycota	Sordariomycetes	Hypocreales	N/A
Pursp1	Ascomycota	Sordariomycetes	Hypocreales	N/A
Tolinf1	Ascomycota	Sordariomycetes	Hypocreales	N/A
Myrin1	Ascomycota	Sordariomycetes	Hypocreales	N/A
Stael1	Ascomycota	Sordariomycetes	Hypocreales	N/A
Nieex1	Ascomycota	Sordariomycetes	Hypocreales	N/A
Necsp1	Ascomycota	Sordariomycetes	Hypocreales	N/A
Cloro1	Ascomycota	Sordariomycetes	Hypocreales	N/A
Acrchr1	Ascomycota	Sordariomycetes	Hypocreales	N/A
Acrst1	Ascomycota	Sordariomycetes	Hypocreales	N/A
Sarstr1	Ascomycota	Sordariomycetes	Hypocreales	N/A
Valla1	Ascomycota	Sordariomycetes	Hypocreales	N/A
Fusoxlyc1	Ascomycota	Sordariomycetes	Hypocreales	N/A
Fusoxrad1	Ascomycota	Sordariomycetes	Hypocreales	N/A
FusoxFo47	Ascomycota	Sordariomycetes	Hypocreales	N/A
Fusox2	Ascomycota	Sordariomycetes	Hypocreales	N/A
Fusoxmel1	Ascomycota	Sordariomycetes	Hypocreales	N/A
Fusox32931	Ascomycota	Sordariomycetes	Hypocreales	N/A
Fusoxcub1	Ascomycota	Sordariomycetes	Hypocreales	N/A
Fusoxys1	Ascomycota	Sordariomycetes	Hypocreales	N/A
Fusoxpis1	Ascomycota	Sordariomycetes	Hypocreales	N/A
Fusoxcon1	Ascomycota	Sordariomycetes	Hypocreales	N/A
Fusoxrap1	Ascomycota	Sordariomycetes	Hypocreales	N/A
Fusoxvas1	Ascomycota	Sordariomycetes	Hypocreales	N/A
Fusoxy1	Ascomycota	Sordariomycetes	Hypocreales	N/A
FusoxT415	Ascomycota	Sordariomycetes	Hypocreales	N/A
Fusco1	Ascomycota	Sordariomycetes	Hypocreales	N/A
Fusfu1	Ascomycota	Sordariomycetes	Hypocreales	N/A
Fusve2	Ascomycota	Sordariomycetes	Hypocreales	N/A
Fusre1	Ascomycota	Sordariomycetes	Hypocreales	N/A
Fusgr1	Ascomycota	Sordariomycetes	Hypocreales	N/A
Fusps1	Ascomycota	Sordariomycetes	Hypocreales	N/A
Fusven1	Ascomycota	Sordariomycetes	Hypocreales	N/A
Fuseq1	Ascomycota	Sordariomycetes	Hypocreales	N/A
Fustr1	Ascomycota	Sordariomycetes	Hypocreales	N/A
Fustri1	Ascomycota	Sordariomycetes	Hypocreales	N/A
FusspF11_1	Ascomycota	Sordariomycetes	Hypocreales	N/A
Necha2	Ascomycota	Sordariomycetes	Hypocreales	N/A
FusspF23_1	Ascomycota	Sordariomycetes	Hypocreales	N/A
Fusso1	Ascomycota	Sordariomycetes	Hypocreales	N/A
Neobo1	Ascomycota	Sordariomycetes	Hypocreales	N/A
FusspF10_1	Ascomycota	Sordariomycetes	Hypocreales	N/A
Ilyeu1	Ascomycota	Sordariomycetes	Hypocreales	N/A
Ilysp1	Ascomycota	Sordariomycetes	Hypocreales	N/A
Ilyrob1	Ascomycota	Sordariomycetes	Hypocreales	N/A
Neora1	Ascomycota	Sordariomycetes	Hypocreales	N/A
Daces1	Ascomycota	Sordariomycetes	Hypocreales	N/A
Dacma1	Ascomycota	Sordariomycetes	Hypocreales	N/A
Neodi1	Ascomycota	Sordariomycetes	Hypocreales	N/A
Cylol1	Ascomycota	Sordariomycetes	Hypocreales	N/A
MarPMI226	Ascomycota	Sordariomycetes	Hypocreales	N/A
Melti1	Ascomycota	Sordariomycetes	Melanosporales	N/A
Torra1	Ascomycota	Sordariomycetes	Torpedosporales	N/A
Corma2	Ascomycota	Sordariomycetes	Microascales	N/A
Mictr1	Ascomycota	Sordariomycetes	Microascales	N/A
Colsp1	Ascomycota	Sordariomycetes	Glomerellales	N/A
Colta1	Ascomycota	Sordariomycetes	Glomerellales	N/A
Colco1	Ascomycota	Sordariomycetes	Glomerellales	N/A
Colab1	Ascomycota	Sordariomycetes	Glomerellales	N/A
Collu1	Ascomycota	Sordariomycetes	Glomerellales	N/A
Collup1	Ascomycota	Sordariomycetes	Glomerellales	N/A
Colpa1	Ascomycota	Sordariomycetes	Glomerellales	N/A
Colme1	Ascomycota	Sordariomycetes	Glomerellales	N/A
Colcu1	Ascomycota	Sordariomycetes	Glomerellales	N/A
Colny1	Ascomycota	Sordariomycetes	Glomerellales	N/A
Colsi1	Ascomycota	Sordariomycetes	Glomerellales	N/A
Colac2	Ascomycota	Sordariomycetes	Glomerellales	N/A
Colfi1	Ascomycota	Sordariomycetes	Glomerellales	N/A
Gloac1	Ascomycota	Sordariomycetes	Glomerellales	N/A
Colgo1	Ascomycota	Sordariomycetes	Glomerellales	N/A
Colsa1	Ascomycota	Sordariomycetes	Glomerellales	N/A
Colph1	Ascomycota	Sordariomycetes	Glomerellales	N/A
Color1	Ascomycota	Sordariomycetes	Glomerellales	N/A
Colso1	Ascomycota	Sordariomycetes	Glomerellales	N/A
Colzo1	Ascomycota	Sordariomycetes	Glomerellales	N/A
Colca1	Ascomycota	Sordariomycetes	Glomerellales	N/A
Colgr1	Ascomycota	Sordariomycetes	Glomerellales	N/A
Colna1	Ascomycota	Sordariomycetes	Glomerellales	N/A
Colfa1	Ascomycota	Sordariomycetes	Glomerellales	N/A
Coler1	Ascomycota	Sordariomycetes	Glomerellales	N/A
Colsu1	Ascomycota	Sordariomycetes	Glomerellales	N/A
Colce1	Ascomycota	Sordariomycetes	Glomerellales	N/A
Colto1	Ascomycota	Sordariomycetes	Glomerellales	N/A
Coltof1	Ascomycota	Sordariomycetes	Glomerellales	N/A
Colin1	Ascomycota	Sordariomycetes	Glomerellales	N/A
Colhig2	Ascomycota	Sordariomycetes	Glomerellales	N/A
Colch1	Ascomycota	Sordariomycetes	Glomerellales	N/A
Colorb1	Ascomycota	Sordariomycetes	Glomerellales	N/A
Gloci1	Ascomycota	Sordariomycetes	Glomerellales	N/A
Verda1	Ascomycota	Sordariomycetes	Glomerellales	N/A
Verdah1	Ascomycota	Sordariomycetes	Glomerellales	N/A
Veral1	Ascomycota	Sordariomycetes	Glomerellales	N/A
Acral2	Ascomycota	Sordariomycetes	Glomerellales	N/A
Sodal1	Ascomycota	Sordariomycetes	Glomerellales	N/A
Plecu1	Ascomycota	Sordariomycetes	Glomerellales	N/A
Plecucu1	Ascomycota	Sordariomycetes	Glomerellales	N/A
Plecuc1	Ascomycota	Sordariomycetes	Glomerellales	N/A
Chagl1	Ascomycota	Sordariomycetes	Sordariales	N/A
Chagl_1	Ascomycota	Sordariomycetes	Sordariales	N/A
Chafi1	Ascomycota	Sordariomycetes	Sordariales	N/A
Chame1	Ascomycota	Sordariomycetes	Sordariales	N/A
Chafu1	Ascomycota	Sordariomycetes	Sordariales	N/A
Myche1	Ascomycota	Sordariomycetes	Sordariales	N/A
Mychet1	Ascomycota	Sordariomycetes	Sordariales	N/A
Spoth2	Ascomycota	Sordariomycetes	Sordariales	Thermophilic_Fungi
Corsim1	Ascomycota	Sordariomycetes	Sordariales	N/A
Thiap1	Ascomycota	Sordariomycetes	Sordariales	N/A
Thihy1	Ascomycota	Sordariomycetes	Sordariales	N/A
Achstr1	Ascomycota	Sordariomycetes	Sordariales	N/A
Thite2				Thermophilic_Fungi
Thian1	Ascomycota	Sordariomycetes	Sordariales	N/A
Podan3	Ascomycota	Sordariomycetes	Sordariales	N/A
Podans1				N/A
Apibac1	Ascomycota	Sordariomycetes	Sordariales	N/A
Clabul1	Ascomycota	Sordariomycetes	Sordariales	N/A
Neucr2	Ascomycota	Sordariomycetes	Sordariales	N/A
Neucr_trp3_1	Ascomycota	Sordariomycetes	Sordariales	N/A
Neucr4830_1	Ascomycota	Sordariomycetes	Sordariales	N/A
Neute_mat_a1	Ascomycota	Sordariomycetes	Sordariales	N/A
Neute_matA2	Ascomycota	Sordariomycetes	Sordariales	N/A
Neuhi1	Ascomycota	Sordariomycetes	Sordariales	N/A
Neudi1	Ascomycota	Sordariomycetes	Sordariales	N/A
Gelte1	Ascomycota	Sordariomycetes	Sordariales	N/A
Sorhu1	Ascomycota	Sordariomycetes	Sordariales	N/A
Sorbr1	Ascomycota	Sordariomycetes	Sordariales	N/A
Cersc1	Ascomycota	Sordariomycetes	Sordariales	N/A
Podap1	Ascomycota	Sordariomycetes	Sordariales	N/A
Bombom1	Ascomycota	Sordariomycetes	Sordariales	N/A
Apope1	Ascomycota	Sordariomycetes	Sordariales	N/A
Lasmin1	Ascomycota	Sordariomycetes	Sordariales	N/A
Lasov1	Ascomycota	Sordariomycetes	Sordariales	N/A
Poddi1	Ascomycota	Sordariomycetes	Sordariales	N/A
Cercau1	Ascomycota	Sordariomycetes	Sordariales	N/A
Cernew1	Ascomycota	Sordariomycetes	Sordariales	N/A
Podcur1	Ascomycota	Sordariomycetes	Sordariales	N/A
Schves1	Ascomycota	Sordariomycetes	Sordariales	N/A
Bombar1	Ascomycota	Sordariomycetes	Sordariales	N/A
Lashi1	Ascomycota	Sordariomycetes	Sordariales	N/A
Lashir1	Ascomycota	Sordariomycetes	Sordariales	N/A
CodFL1790_1	Ascomycota	Sordariomycetes	Chaetosphaeriales	N/A
ThoPMI491_1	Ascomycota	Sordariomycetes	Chaetosphaeriales	N/A
Chain1	Ascomycota	Sordariomycetes	Chaetosphaeriales	N/A
Cornip1	Ascomycota	Sordariomycetes	Boliniales	N/A
Conli1	Ascomycota	Sordariomycetes	Coniochaetales	N/A
Conlig1	Ascomycota	Sordariomycetes	Coniochaetales	N/A
ConPMI546	Ascomycota	Sordariomycetes	Coniochaetales	N/A
Conioc1	Ascomycota	Sordariomycetes	Coniochaetales	N/A
LecAK0013_1	Ascomycota	Sordariomycetes	Coniochaetales	N/A
Diaam1	Ascomycota	Sordariomycetes	Diaporthales	N/A
DiaPMI573_1	Ascomycota	Sordariomycetes	Diaporthales	N/A
Melsp1	Ascomycota	Sordariomycetes	Diaporthales	N/A
Cytch1	Ascomycota	Sordariomycetes	Diaporthales	N/A
Crypo1	Ascomycota	Sordariomycetes	Diaporthales	N/A
Crypto1	Ascomycota	Sordariomycetes	Diaporthales	N/A
Crypa2	Ascomycota	Sordariomycetes	Diaporthales	N/A
Pilidi1	Ascomycota	Sordariomycetes	Diaporthales	N/A
Lolmi1	Ascomycota	Sordariomycetes	Diaporthales	N/A
Phaal1	Ascomycota	Sordariomycetes	Togniniales	N/A
PhaeoFL0889_1	Ascomycota	Sordariomycetes	Togniniales	N/A
Calpu1	Ascomycota	Sordariomycetes	Calosphaeriales	N/A
Ophnu1	Ascomycota	Sordariomycetes	Ophiostomatales	N/A
Ophpic1	Ascomycota	Sordariomycetes	Ophiostomatales	N/A
Ophpi1	Ascomycota	Sordariomycetes	Ophiostomatales	N/A
OphPMI507_1	Ascomycota	Sordariomycetes	Ophiostomatales	N/A
Grocl1	Ascomycota	Sordariomycetes	Ophiostomatales	N/A
Gaegr1	Ascomycota	Sordariomycetes	Magnaporthales	N/A
Magpo1	Ascomycota	Sordariomycetes	Magnaporthales	N/A
Magor1	Ascomycota	Sordariomycetes	Magnaporthales	N/A
Aciaci1	Ascomycota	Sordariomycetes		N/A
Xylcub1	Ascomycota	Sordariomycetes	Xylariales	N/A
Xylcube1	Ascomycota	Sordariomycetes	Xylariales	N/A
Xylcur114988_1	Ascomycota	Sordariomycetes	Xylariales	N/A
Xylscr1	Ascomycota	Sordariomycetes	Xylariales	N/A
Xylcas124033_1	Ascomycota	Sordariomycetes	Xylariales	N/A
Xylacu1	Ascomycota	Sordariomycetes	Xylariales	N/A
Xyllon1	Ascomycota	Sordariomycetes	Xylariales	N/A
Xylhel1	Ascomycota	Sordariomycetes	Xylariales	N/A
Xyltel121673_1	Ascomycota	Sordariomycetes	Xylariales	N/A
Astsub1	Ascomycota	Sordariomycetes	Xylariales	N/A
Xylpal124036_1	Ascomycota	Sordariomycetes	Xylariales	N/A
NeFL0031_1	Ascomycota	Sordariomycetes	Xylariales	N/A
NeFL0031_2	Ascomycota	Sordariomycetes	Xylariales	N/A
Nemabo1	Ascomycota	Sordariomycetes	Xylariales	N/A
Hyparg1	Ascomycota	Sordariomycetes	Xylariales	N/A
Nemdif1	Ascomycota	Sordariomycetes	Xylariales	N/A
NsAZ0576_1	Ascomycota	Sordariomycetes	Xylariales	N/A
NsCB679_1	Ascomycota	Sordariomycetes	Xylariales	N/A
NsAK0226_1	Ascomycota	Sordariomycetes	Xylariales	N/A
Nemani1	Ascomycota	Sordariomycetes	Xylariales	N/A
NeFL0916_1	Ascomycota	Sordariomycetes	Xylariales	N/A
Entma1	Ascomycota	Sordariomycetes	Xylariales	N/A
XylFL0043	Ascomycota	Sordariomycetes	Xylariales	N/A
XylFL0933	Ascomycota	Sordariomycetes	Xylariales	N/A
XylFL1042	Ascomycota	Sordariomycetes	Xylariales	N/A
Xylarb124340_1	Ascomycota	Sordariomycetes	Xylariales	N/A
Xylven1	Ascomycota	Sordariomycetes	Xylariales	N/A
XyFL1777_1	Ascomycota	Sordariomycetes	Xylariales	N/A
KdCBS826_1	Ascomycota	Sordariomycetes	Xylariales	N/A
Kredeu1	Ascomycota	Sordariomycetes	Xylariales	N/A
XylarbFL1030	Ascomycota	Sordariomycetes	Xylariales	N/A
Xylbam139988_1	Ascomycota	Sordariomycetes	Xylariales	N/A
Xylhyp1	Ascomycota	Sordariomycetes	Xylariales	N/A
Xylgra1	Ascomycota	Sordariomycetes	Xylariales	N/A
Xyldig1	Ascomycota	Sordariomycetes	Xylariales	N/A
Xy124048_1	Ascomycota	Sordariomycetes	Xylariales	N/A
Xylint1	Ascomycota	Sordariomycetes	Xylariales	N/A
Xylni1	Ascomycota	Sordariomycetes	Xylariales	N/A
Porpun1	Ascomycota	Sordariomycetes	Xylariales	N/A
XylFL0594	Ascomycota	Sordariomycetes	Xylariales	N/A
Antav1	Ascomycota	Sordariomycetes	Xylariales	N/A
XylFL1651	Ascomycota	Sordariomycetes	Xylariales	N/A
XyFL1272_2	Ascomycota	Sordariomycetes	Xylariales	N/A
XylFL1019	Ascomycota	Sordariomycetes	Xylariales	N/A
XylFL0255	Ascomycota	Sordariomycetes	Xylariales	N/A
XylFL0016	Ascomycota	Sordariomycetes	Xylariales	N/A
XyFL0641_1	Ascomycota	Sordariomycetes		N/A
Bisme1	Ascomycota	Sordariomycetes	Xylariales	N/A
Bismed1	Ascomycota	Sordariomycetes	Xylariales	N/A
Biscog1	Ascomycota	Sordariomycetes	Xylariales	N/A
CtCBS203_1	Ascomycota	Sordariomycetes	Xylariales	N/A
Bisnum1	Ascomycota	Sordariomycetes	Xylariales	N/A
Bisma1	Ascomycota	Sordariomycetes	Xylariales	N/A
XylFL2044	Ascomycota	Sordariomycetes		N/A
Annnit1	Ascomycota	Sordariomycetes	Xylariales	N/A
Annsty1	Ascomycota	Sordariomycetes	Xylariales	N/A
Roster1	Ascomycota	Sordariomycetes	Xylariales	N/A
Annmae1	Ascomycota	Sordariomycetes	Xylariales	N/A
Annmor1	Ascomycota	Sordariomycetes	Xylariales	N/A
Anntru1	Ascomycota	Sordariomycetes	Xylariales	N/A
Annbov1	Ascomycota	Sordariomycetes	Xylariales	N/A
Annmin1	Ascomycota	Sordariomycetes	Xylariales	N/A
HypCO275_1	Ascomycota	Sordariomycetes	Xylariales	N/A
HypEC38_3	Ascomycota	Sordariomycetes	Xylariales	N/A
HyNC0597_1	Ascomycota	Sordariomycetes	Xylariales	N/A
HyFL0543_1	Ascomycota	Sordariomycetes	Xylariales	N/A
HyFL0890_1	Ascomycota	Sordariomycetes	Xylariales	N/A
HyFL1857_1	Ascomycota	Sordariomycetes	Xylariales	N/A
HypCI4A_1	Ascomycota	Sordariomycetes	Xylariales	N/A
Hyptru1	Ascomycota	Sordariomycetes	Xylariales	N/A
Dalloc1	Ascomycota	Sordariomycetes	Xylariales	N/A
DallocAZ0526	Ascomycota	Sordariomycetes	Xylariales	N/A
Daldec1	Ascomycota	Sordariomycetes	Xylariales	N/A
Dalgra1	Ascomycota	Sordariomycetes	Xylariales	N/A
Dalver1	Ascomycota	Sordariomycetes	Xylariales	N/A
DalEC12_1	Ascomycota	Sordariomycetes	Xylariales	N/A
Dales1	Ascomycota	Sordariomycetes	Xylariales	N/A
Dalba1	Ascomycota	Sordariomycetes	Xylariales	N/A
Dalcal1	Ascomycota	Sordariomycetes	Xylariales	N/A
DaFL1419_1	Ascomycota	Sordariomycetes	Xylariales	N/A
Hypmon1				N/A
HyNC1633_2	Ascomycota	Sordariomycetes	Xylariales	N/A
Hypcro1	Ascomycota	Sordariomycetes	Xylariales	N/A
Hypfra2	Ascomycota	Sordariomycetes	Xylariales	N/A
HyFL1150_1	Ascomycota	Sordariomycetes	Xylariales	N/A
HyprubER1909_1	Ascomycota	Sordariomycetes	Xylariales	N/A
Hypcer1	Ascomycota	Sordariomycetes	Xylariales	N/A
Hyprub1	Ascomycota	Sordariomycetes	Xylariales	N/A
HyFL1284_2	Ascomycota	Sordariomycetes	Xylariales	N/A
Hypfus1	Ascomycota	Sordariomycetes	Xylariales	N/A
Whamic1	Ascomycota	Sordariomycetes	Xylariales	N/A
XylFL0662B	Ascomycota	Sordariomycetes	Xylariales	N/A
Micbo1	Ascomycota	Sordariomycetes	Xylariales	N/A
Mictri1	Ascomycota	Sordariomycetes	Xylariales	N/A
Eutla1	Ascomycota	Sordariomycetes	Xylariales	N/A
Pestal1	Ascomycota	Sordariomycetes	Xylariales	N/A
Truan1	Ascomycota	Sordariomycetes	Xylariales	N/A
XylPMI506	Ascomycota	Sordariomycetes	Xylariales	N/A
Plecto1	Ascomycota	Sordariomycetes	Xylariales	N/A
Apimo1	Ascomycota	Sordariomycetes	Xylariales	N/A
Khuory1	Ascomycota	Sordariomycetes	Trichosphaeriales	N/A
Pseve2	Ascomycota	Sordariomycetes	Xylariales	N/A
Linth1	Ascomycota	Sordariomycetes	Lulworthiales	N/A
AcreTS7_1	Ascomycota			N/A
Stagr1	Ascomycota	Sordariomycetes	Hypocreales	N/A
Golor3	Ascomycota	Leotiomycetes	Erysiphales	N/A
Golor4	Ascomycota	Leotiomycetes	Erysiphales	N/A
Golor2	Ascomycota	Leotiomycetes	Erysiphales	N/A
Golci1	Ascomycota	Leotiomycetes	Erysiphales	N/A
Erypi2	Ascomycota	Leotiomycetes	Erysiphales	N/A
Psene1	Ascomycota	Leotiomycetes	Erysiphales	N/A
Erynec1	Ascomycota	Leotiomycetes	Erysiphales	N/A
Blugr2	Ascomycota	Leotiomycetes	Erysiphales	N/A
Bgh5874_1	Ascomycota	Leotiomycetes	Erysiphales	N/A
BlugrR1_1	Ascomycota	Leotiomycetes	Erysiphales	N/A
Blugra1	Ascomycota	Leotiomycetes	Erysiphales	N/A
Lorju1	Ascomycota	Leotiomycetes	Helotiales	N/A
Lorma1	Ascomycota	Leotiomycetes	Helotiales	N/A
Phisc1	Ascomycota	Leotiomycetes	Helotiales	N/A
Acema1	Ascomycota	Leotiomycetes	Helotiales	mycorrhizal_fungi
Lepor2	Ascomycota	Leotiomycetes	Helotiales	N/A
Leptod1	Ascomycota	Leotiomycetes	Helotiales	N/A
Rhesp1	Ascomycota	Leotiomycetes	Helotiales	N/A
Cadsp1	Ascomycota	Leotiomycetes	Helotiales	N/A
Phimu1	Ascomycota	Leotiomycetes		N/A
Marbr1	Ascomycota	Leotiomycetes	Helotiales	N/A
Ascsa1	Ascomycota	Leotiomycetes	Helotiales	N/A
Greab1	Ascomycota	Leotiomycetes	Helotiales	N/A
Hyafin1	Ascomycota	Leotiomycetes	Helotiales	mycorrhizal_fungi
MelPMI1271_1	Ascomycota	Leotiomycetes	Helotiales	mycorrhizal_fungi
Melbi2	Ascomycota	Leotiomycetes	Helotiales	mycorrhizal_fungi
Chalo1	Ascomycota	Leotiomycetes	Helotiales	N/A
Melva1	Ascomycota	Leotiomycetes	Helotiales	mycorrhizal_fungi
Rhier1	Ascomycota	Leotiomycetes	Helotiales	mycorrhizal_fungi
Hymvar1	Ascomycota	Leotiomycetes	Helotiales	N/A
Zalva1	Ascomycota	Sordariomycetes	Sordariales	N/A
Amyenc1	Ascomycota	Leotiomycetes	Helotiales	N/A
Glalo1	Ascomycota	Leotiomycetes	Helotiales	N/A
Lacsu1	Ascomycota	Leotiomycetes	Helotiales	N/A
Bissp1	Ascomycota	Leotiomycetes	Helotiales	N/A
Calmar1	Ascomycota	Leotiomycetes	Helotiales	N/A
Atrpi1	Ascomycota	Leotiomycetes	Helotiales	N/A
Amore1	Ascomycota	Leotiomycetes		N/A
Oidma1	Ascomycota	Leotiomycetes		mycorrhizal_fungi
Botci1	Ascomycota	Leotiomycetes	Helotiales	N/A
Sclsc1	Ascomycota	Leotiomycetes	Helotiales	N/A
Rutfi1	Ascomycota	Leotiomycetes	Helotiales	N/A
XylPMI703_1	Ascomycota	Leotiomycetes		N/A
Elyde1	Ascomycota	Leotiomycetes	Rhytismatales	N/A
Lopnit1_1	Ascomycota	Leotiomycetes	Rhytismatales	N/A
Cocst1	Ascomycota	Leotiomycetes	Rhytismatales	N/A
Spafl1	Ascomycota	Leotiomycetes	Rhytismatales	N/A
Bulin1	Ascomycota	Leotiomycetes	Phacidiales	N/A
Themi1	Ascomycota	Leotiomycetes	Thelebolales	N/A
Thest1	Ascomycota	Leotiomycetes	Thelebolales	N/A
Tubin1_1	Ascomycota	Pezizomycetes	Pezizales	mycorrhizal_fungi
Tubme1v2	Ascomycota	Pezizomycetes	Pezizales	mycorrhizal_fungi
Tubme2	Ascomycota	Pezizomycetes	Pezizales	N/A
Tubbr1_1	Ascomycota	Pezizomycetes	Pezizales	mycorrhizal_fungi
Tubae1	Ascomycota	Pezizomycetes	Pezizales	mycorrhizal_fungi
Tubma1	Ascomycota	Pezizomycetes	Pezizales	mycorrhizal_fungi
Tubbor1	Ascomycota	Pezizomycetes	Pezizales	mycorrhizal_fungi
Chove1	Ascomycota	Pezizomycetes	Pezizales	mycorrhizal_fungi
Morco1	Ascomycota	Pezizomycetes	Pezizales	mycorrhizal_fungi
Morimp1	Ascomycota	Pezizomycetes	Pezizales	N/A
Morsny1	Ascomycota	Pezizomycetes	Pezizales	Pyrophilous_Fungi
Leuca1	Ascomycota	Pezizomycetes	Pezizales	mycorrhizal_fungi
Gyresc1	Ascomycota	Pezizomycetes	Pezizales	N/A
Calful1	Ascomycota	Pezizomycetes	Pezizales	N/A
Rhiund1	Ascomycota	Pezizomycetes	Pezizales	N/A
Trihyb1	Ascomycota	Pezizomycetes	Pezizales	mycorrhizal_fungi
Wilmi1	Ascomycota	Pezizomycetes	Pezizales	Pyrophilous_Fungi,mycorrhizal_fungi
Pyrco1	Ascomycota	Pezizomycetes	Pezizales	N/A
Sphbr2	Ascomycota	Pezizomycetes	Pezizales	mycorrhizal_fungi
Tripra1	Ascomycota	Pezizomycetes	Pezizales	Pyrophilous_Fungi
Geocar1	Ascomycota	Pezizomycetes	Pezizales	Pyrophilous_Fungi,mycorrhizal_fungi
Ascni1	Ascomycota	Pezizomycetes	Pezizales	N/A
Plemel1	Ascomycota	Pezizomycetes	Pezizales	N/A
Sarco1	Ascomycota	Pezizomycetes	Pezizales	N/A
Terbo2	Ascomycota	Pezizomycetes	Pezizales	mycorrhizal_fungi
Tercla1	Ascomycota	Pezizomycetes	Pezizales	mycorrhizal_fungi
Tirniv1	Ascomycota	Pezizomycetes	Pezizales	mycorrhizal_fungi
Kalpfe1	Ascomycota	Pezizomycetes	Pezizales	mycorrhizal_fungi
Pezech1	Ascomycota	Pezizomycetes	Pezizales	Pyrophilous_Fungi
Ascim1	Ascomycota	Pezizomycetes	Pezizales	N/A
Artol1	Ascomycota	Orbiliomycetes	Orbiliales	N/A
Monha1	Ascomycota	Orbiliomycetes	Orbiliales	N/A
Spaarb1	Ascomycota	Saccharomycetes	Saccharomycetales	N/A
Spapa3	Ascomycota	Saccharomycetes	Saccharomycetales	N/A
Canalb1	Ascomycota	Saccharomycetes	Saccharomycetales	N/A
Lodelo1	Ascomycota	Saccharomycetes	Saccharomycetales	N/A
Picst3	Ascomycota	Saccharomycetes	Saccharomycetales	N/A
Schsti1	Ascomycota	Saccharomycetes	Saccharomycetales	N/A
Schcoi1	Ascomycota	Saccharomycetes	Saccharomycetales	N/A
Schque1	Ascomycota	Saccharomycetes	Saccharomycetales	N/A
Canta1	Ascomycota	Saccharomycetes	Saccharomycetales	N/A
Metbi1	Ascomycota	Saccharomycetes	Saccharomycetales	N/A
Metbi_SCcomb	Ascomycota	Saccharomycetes	Saccharomycetales	N/A
Clalu1_2	Ascomycota	Saccharomycetes	Saccharomycetales	N/A
Hypbu1	Ascomycota	Saccharomycetes	Saccharomycetales	N/A
Debha1	Ascomycota	Saccharomycetes	Saccharomycetales	N/A
Meygui1	Ascomycota	Saccharomycetes	Saccharomycetales	N/A
Cante1	Ascomycota	Saccharomycetes	Saccharomycetales	N/A
Cepal1_1	Ascomycota	Saccharomycetes	Saccharomycetales	N/A
Cepfr1_1	Ascomycota	Saccharomycetes	Saccharomycetales	N/A
Babin1	Ascomycota	Saccharomycetes	Saccharomycetales	N/A
Isori2	Ascomycota	Saccharomycetes	Saccharomycetales	N/A
Issorie2	Ascomycota	Saccharomycetes	Saccharomycetales	N/A
Issori2	Ascomycota	Saccharomycetes	Saccharomycetales	N/A
Picme2	Ascomycota	Saccharomycetes	Saccharomycetales	N/A
Dekbr2	Ascomycota	Saccharomycetes	Saccharomycetales	N/A
Ambph1	Ascomycota	Saccharomycetes	Saccharomycetales	N/A
Hanpo2	Ascomycota	Saccharomycetes	Saccharomycetales	N/A
Canar1	Ascomycota	Saccharomycetes	Saccharomycetales	N/A
Canbo1	Ascomycota	Saccharomycetes	Saccharomycetales	N/A
Kurca1	Ascomycota	Saccharomycetes	Saccharomycetales	N/A
Picpa1	Ascomycota	Saccharomycetes	Saccharomycetales	N/A
Pacta1_2	Ascomycota	Saccharomycetes	Saccharomycetales	N/A
Artfe1_2	Ascomycota	Saccharomycetes	Saccharomycetales	N/A
Ascru1	Ascomycota	Saccharomycetes	Saccharomycetales	N/A
SacceM3836_1	Ascomycota	Saccharomycetes	Saccharomycetales	N/A
SacceM3839_1	Ascomycota	Saccharomycetes	Saccharomycetales	N/A
SacceM3707_1	Ascomycota	Saccharomycetes	Saccharomycetales	N/A
SacceM3838_1	Ascomycota	Saccharomycetes	Saccharomycetales	N/A
SacceM3837_1	Ascomycota	Saccharomycetes	Saccharomycetales	N/A
SacceYB210_1	Ascomycota	Saccharomycetes	Saccharomycetales	N/A
Sacce1	Ascomycota	Saccharomycetes	Saccharomycetales	N/A
Kazaf1	Ascomycota	Saccharomycetes	Saccharomycetales	N/A
Torde1	Ascomycota	Saccharomycetes	Saccharomycetales	N/A
Zygro1	Ascomycota	Saccharomycetes	Saccharomycetales	N/A
Ashgo1_1	Ascomycota	Saccharomycetes	Saccharomycetales	N/A
Klula1	Ascomycota	Saccharomycetes	Saccharomycetales	N/A
Hanva1_1	Ascomycota	Saccharomycetes	Saccharomycetales	N/A
Cybja1	Ascomycota	Saccharomycetes	Saccharomycetales	N/A
Wican1	Ascomycota	Saccharomycetes	Saccharomycetales	N/A
Spola1	Ascomycota	Saccharomycetes	Saccharomycetales	N/A
Yarlip1	Ascomycota	Saccharomycetes	Saccharomycetales	N/A
Yarli1	Ascomycota	Saccharomycetes	Saccharomycetales	N/A
YarliW29	Ascomycota	Saccharomycetes	Saccharomycetales	N/A
YarliYlCW001	Ascomycota	Saccharomycetes	Saccharomycetales	N/A
YarliYB392	Ascomycota	Saccharomycetes	Saccharomycetales	N/A
YarliYB567	Ascomycota	Saccharomycetes	Saccharomycetales	N/A
YarliYB566	Ascomycota	Saccharomycetes	Saccharomycetales	N/A
YarliYB420	Ascomycota	Saccharomycetes	Saccharomycetales	N/A
YarliYB419	Ascomycota	Saccharomycetes	Saccharomycetales	N/A
Nadfu1	Ascomycota	Saccharomycetes	Saccharomycetales	N/A
Symat1	Ascomycota	Saccharomycetes	Saccharomycetales	N/A
Tripe1	Ascomycota	Saccharomycetes	Saccharomycetales	N/A
Arxad1	Ascomycota	Saccharomycetes	Saccharomycetales	N/A
Sugame1	Ascomycota	Saccharomycetes	Saccharomycetales	N/A
Zyghe1_2	Ascomycota	Saccharomycetes	Saccharomycetales	N/A
Wicdo1	Ascomycota	Saccharomycetes	Saccharomycetales	N/A
Botmuc1	Ascomycota	Saccharomycetes	Saccharomycetales	N/A
Canca1	Ascomycota	Saccharomycetes	Saccharomycetales	N/A
Lipst1_1	Ascomycota	Saccharomycetes	Saccharomycetales	N/A
Myxme1	Ascomycota	Saccharomycetes	Saccharomycetales	N/A
Saico1	Ascomycota			N/A
Schcy1	Ascomycota	Schizosaccharomycetes	Schizosaccharomycetales	N/A
Schoc1	Ascomycota	Schizosaccharomycetes	Schizosaccharomycetales	N/A
Schpo1	Ascomycota	Schizosaccharomycetes	Schizosaccharomycetales	N/A
Schja1	Ascomycota	Schizosaccharomycetes	Schizosaccharomycetales	N/A
Pneji1	Ascomycota	Pneumocystidomycetes	Pneumocystidales	N/A
Prola1	Ascomycota	Taphrinomycetes	Taphrinales	N/A
Tapde1_1	Ascomycota	Taphrinomycetes	Taphrinales	N/A
Tappo1	Ascomycota	Taphrinomycetes	Taphrinales	N/A
LedVB361_1	Basidiomycota	Agaricomycetes	Agaricales	White_rot_fungi
LedTMI1148_1	Basidiomycota	Agaricomycetes	Agaricales	White_rot_fungi
Lenedo1	Basidiomycota	Agaricomycetes	Agaricales	White_rot_fungi
Lened_B_1_1	Basidiomycota	Agaricomycetes	Agaricales	White_rot_fungi
Lentinedodes1	Basidiomycota	Agaricomycetes	Agaricales	White_rot_fungi
Led_CS584_1	Basidiomycota	Agaricomycetes	Agaricales	White_rot_fungi
LedTMI1633_1	Basidiomycota	Agaricomycetes	Agaricales	White_rot_fungi
Lenafn1	Basidiomycota	Agaricomycetes	Agaricales	White_rot_fungi
Lenlat1	Basidiomycota	Agaricomycetes	Agaricales	White_rot_fungi
Lennov1	Basidiomycota	Agaricomycetes	Agaricales	White_rot_fungi
Lenafn_TMI1502_1	Basidiomycota	Agaricomycetes	Agaricales	White_rot_fungi
LlaTMI1499_1	Basidiomycota	Agaricomycetes	Agaricales	White_rot_fungi
Lenra_T_1	Basidiomycota	Agaricomycetes	Agaricales	White_rot_fungi
LraTFB9207_1	Basidiomycota	Agaricomycetes	Agaricales	White_rot_fungi
LraJLM1587_1	Basidiomycota	Agaricomycetes	Agaricales	White_rot_fungi
LraINPA1820_1	Basidiomycota	Agaricomycetes	Agaricales	White_rot_fungi
Lenrap1	Basidiomycota	Agaricomycetes	Agaricales	White_rot_fungi
Lenrap1_155	Basidiomycota	Agaricomycetes	Agaricales	N/A
LboTFB7810_1	Basidiomycota	Agaricomycetes	Agaricales	White_rot_fungi
LboTFB7829_1	Basidiomycota	Agaricomycetes	Agaricales	White_rot_fungi
LboET3784_1	Basidiomycota	Agaricomycetes	Agaricales	White_rot_fungi
Lbo_TFB10291_1	Basidiomycota	Agaricomycetes	Agaricales	White_rot_fungi
Lbo_TFB10827_1	Basidiomycota	Agaricomycetes	Agaricales	White_rot_fungi
Rhobu1	Basidiomycota	Agaricomycetes	Agaricales	N/A
Rhobut1_1	Basidiomycota	Agaricomycetes	Agaricales	N/A
Gymlu1	Basidiomycota	Agaricomycetes	Agaricales	N/A
Gyman1	Basidiomycota	Agaricomycetes	Agaricales	N/A
Gymear1	Basidiomycota	Agaricomycetes	Agaricales	N/A
Ompol1	Basidiomycota	Agaricomycetes	Agaricales	N/A
Denbi1	Basidiomycota	Agaricomycetes	Agaricales	N/A
Marfi1	Basidiomycota	Agaricomycetes	Agaricales	N/A
Monpe1_1	Basidiomycota	Agaricomycetes	Agaricales	N/A
Cysmur1	Basidiomycota	Agaricomycetes	Agaricales	White_rot_fungi
Mycflo1	Basidiomycota	Agaricomycetes	Agaricales	N/A
Armost1	Basidiomycota	Agaricomycetes	Agaricales	White_rot_fungi
Armosto1	Basidiomycota	Agaricomycetes	Agaricales	White_rot_fungi
Armbor1	Basidiomycota	Agaricomycetes	Agaricales	N/A
Armga1	Basidiomycota	Agaricomycetes	Agaricales	White_rot_fungi
Armcep1	Basidiomycota	Agaricomycetes	Agaricales	White_rot_fungi
Armnab1	Basidiomycota	Agaricomycetes	Agaricales	White_rot_fungi
Armme1_1	Basidiomycota	Agaricomycetes	Agaricales	White_rot_fungi
Armmel1	Basidiomycota	Agaricomycetes	Agaricales	N/A
Armlut1	Basidiomycota	Agaricomycetes	Agaricales	White_rot_fungi
Armect1	Basidiomycota	Agaricomycetes	Agaricales	White_rot_fungi
Armtab1	Basidiomycota	Agaricomycetes	Agaricales	N/A
Guyne1	Basidiomycota	Agaricomycetes	Agaricales	N/A
Hymrad1	Basidiomycota	Agaricomycetes	Agaricales	N/A
Oudmuc1	Basidiomycota	Agaricomycetes	Agaricales	White_rot_fungi
Cylto1	Basidiomycota	Agaricomycetes	Agaricales	N/A
Mychae1	Basidiomycota	Agaricomycetes	Agaricales	N/A
Mycsan1	Basidiomycota	Agaricomycetes	Agaricales	N/A
Mycgal1	Basidiomycota	Agaricomycetes	Agaricales	N/A
Mycalb1	Basidiomycota	Agaricomycetes	Agaricales	N/A
Mycoli1	Basidiomycota	Agaricomycetes	Agaricales	N/A
Myclep1	Basidiomycota	Agaricomycetes	Agaricales	N/A
Mycpol1	Basidiomycota	Agaricomycetes	Agaricales	N/A
Mycvit1	Basidiomycota	Agaricomycetes	Agaricales	N/A
Mycrub1	Basidiomycota	Agaricomycetes	Agaricales	N/A
Mycale1	Basidiomycota	Agaricomycetes	Agaricales	N/A
Mycmet1	Basidiomycota	Agaricomycetes	Agaricales	N/A
Mycfil1	Basidiomycota	Agaricomycetes	Agaricales	N/A
Mycami1	Basidiomycota	Agaricomycetes	Agaricales	N/A
Mycpur1	Basidiomycota	Agaricomycetes	Agaricales	N/A
Panst_KUC8834_1_1	Basidiomycota	Agaricomycetes	Agaricales	White_rot_fungi
Panst_LUM_1_1	Basidiomycota	Agaricomycetes	Agaricales	White_rot_fungi
Rorror1	Basidiomycota	Agaricomycetes	Agaricales	N/A
Mycgale1	Basidiomycota	Agaricomycetes	Agaricales	N/A
Mycmac1	Basidiomycota	Agaricomycetes	Agaricales	N/A
Myccro1	Basidiomycota	Agaricomycetes	Agaricales	N/A
Myclat1	Basidiomycota	Agaricomycetes	Agaricales	N/A
Mycbel1	Basidiomycota	Agaricomycetes	Agaricales	N/A
Mycros1	Basidiomycota	Agaricomycetes	Agaricales	N/A
Mycvul1	Basidiomycota	Agaricomycetes	Agaricales	N/A
Mycepi1	Basidiomycota	Agaricomycetes	Agaricales	N/A
Myc59_1	Basidiomycota	Agaricomycetes	Agaricales	N/A
Mycreb1	Basidiomycota	Agaricomycetes	Agaricales	N/A
Psicub1_1	Basidiomycota	Agaricomycetes	Agaricales	N/A
Psiser1	Basidiomycota	Agaricomycetes	Agaricales	N/A
Agrped1	Basidiomycota	Agaricomycetes	Agaricales	N/A
Agrpra2	Basidiomycota	Agaricomycetes	Agaricales	N/A
Gymch1	Basidiomycota	Agaricomycetes	Agaricales	N/A
Gymjun1	Basidiomycota	Agaricomycetes	Agaricales	White_rot_fungi
Galma1	Basidiomycota	Agaricomycetes	Agaricales	White_rot_fungi
Phocon1	Basidiomycota	Agaricomycetes	Agaricales	N/A
Phohig1	Basidiomycota	Agaricomycetes	Agaricales	Pyrophilous_Fungi
Hypsu1	Basidiomycota	Agaricomycetes	Agaricales	White_rot_fungi
Phoaln1	Basidiomycota	Agaricomycetes	Agaricales	N/A
Hebcy2	Basidiomycota	Agaricomycetes	Agaricales	mycorrhizal_fungi
Creces1	Basidiomycota	Agaricomycetes	Agaricales	White_rot_fungi
Crevar1	Basidiomycota	Agaricomycetes	Agaricales	White_rot_fungi
Phapla1	Basidiomycota	Agaricomycetes	Agaricales	N/A
Coraus1	Basidiomycota	Agaricomycetes	Agaricales	mycorrhizal_fungi
Corgl3	Basidiomycota	Agaricomycetes	Agaricales	mycorrhizal_fungi
Corcam1	Basidiomycota	Agaricomycetes	Agaricales	mycorrhizal_fungi
Crafun1	Basidiomycota	Agaricomycetes	Agaricales	Pyrophilous_Fungi
Bolvit1	Basidiomycota	Agaricomycetes	Agaricales	N/A
Conapa1	Basidiomycota	Agaricomycetes	Agaricales	N/A
Panpap1	Basidiomycota	Agaricomycetes	Agaricales	N/A
Lacbi2	Basidiomycota	Agaricomycetes	Agaricales	mycorrhizal_fungi
LacbiH82_1	Basidiomycota	Agaricomycetes	Agaricales	mycorrhizal_fungi
LacbiH82xH70_1	Basidiomycota	Agaricomycetes	Agaricales	mycorrhizal_fungi
LacbiH53_1	Basidiomycota	Agaricomycetes	Agaricales	mycorrhizal_fungi
LacbiS238N_1	Basidiomycota	Agaricomycetes	Agaricales	mycorrhizal_fungi
LacbiH70_1	Basidiomycota	Agaricomycetes	Agaricales	mycorrhizal_fungi
Lacbi9312_2	Basidiomycota	Agaricomycetes	Agaricales	mycorrhizal_fungi
Lacbi81306_1	Basidiomycota	Agaricomycetes	Agaricales	mycorrhizal_fungi
Lacbi59489_1	Basidiomycota	Agaricomycetes	Agaricales	mycorrhizal_fungi
Lacbi55996_1	Basidiomycota	Agaricomycetes	Agaricales	mycorrhizal_fungi
LacbiN203_1	Basidiomycota	Agaricomycetes	Agaricales	mycorrhizal_fungi
LacbiCham3_1	Basidiomycota	Agaricomycetes	Agaricales	mycorrhizal_fungi
LacbiD101_1	Basidiomycota	Agaricomycetes	Agaricales	mycorrhizal_fungi
LacbiDR170_1	Basidiomycota	Agaricomycetes	Agaricales	mycorrhizal_fungi
LacbiS238O_1	Basidiomycota	Agaricomycetes	Agaricales	mycorrhizal_fungi
Lacam2	Basidiomycota	Agaricomycetes	Agaricales	mycorrhizal_fungi
Leugon1	Basidiomycota	Agaricomycetes	Agaricales	N/A
LeugonAS2_1	Basidiomycota	Agaricomycetes	Agaricales	N/A
Leugo1_1	Basidiomycota	Agaricomycetes	Agaricales	N/A
LeugonAL2_1	Basidiomycota	Agaricomycetes	Agaricales	N/A
Agabi_varbisH97_2	Basidiomycota	Agaricomycetes	Agaricales	N/A
Agabi_varbisH97_3	Basidiomycota	Agaricomycetes	Agaricales	N/A
Agabi_varbur_1	Basidiomycota	Agaricomycetes	Agaricales	N/A
Lycper1	Basidiomycota	Agaricomycetes	Agaricales	N/A
Macfu1	Basidiomycota	Agaricomycetes	Agaricales	N/A
Copci1	Basidiomycota	Agaricomycetes	Agaricales	N/A
Copci_AmutBmut1	Basidiomycota	Agaricomycetes	Agaricales	N/A
Copph3	Basidiomycota	Agaricomycetes	Agaricales	N/A
Copscl1	Basidiomycota	Agaricomycetes	Agaricales	N/A
Copmar1	Basidiomycota	Agaricomycetes	Agaricales	N/A
Copang1	Basidiomycota	Agaricomycetes	Agaricales	Pyrophilous_Fungi
Coppel1	Basidiomycota	Agaricomycetes	Agaricales	N/A
Copmic2	Basidiomycota	Agaricomycetes	Agaricales	N/A
Crula1	Basidiomycota	Agaricomycetes	Agaricales	White_rot_fungi
Cyastr2	Basidiomycota	Agaricomycetes	Agaricales	White_rot_fungi
Cont1119283	Basidiomycota	Agaricomycetes	Agaricales	N/A
Lepnud1	Basidiomycota	Agaricomycetes	Agaricales	N/A
Trima3	Basidiomycota	Agaricomycetes	Agaricales	mycorrhizal_fungi
Cligib1	Basidiomycota	Agaricomycetes	Agaricales	N/A
Amamu1	Basidiomycota	Agaricomycetes	Agaricales	mycorrhizal_fungi
Amarub1	Basidiomycota	Agaricomycetes	Agaricales	mycorrhizal_fungi
Amath1	Basidiomycota	Agaricomycetes	Agaricales	N/A
Plucer1	Basidiomycota	Agaricomycetes	Agaricales	White_rot_fungi
Volvo1	Basidiomycota	Agaricomycetes	Agaricales	N/A
Schco_LoeD_1	Basidiomycota	Agaricomycetes	Agaricales	White_rot_fungi
Schco_TatD_1	Basidiomycota	Agaricomycetes	Agaricales	White_rot_fungi
Schco2272_1	Basidiomycota	Agaricomycetes	Agaricales	White_rot_fungi
Schco2271_1	Basidiomycota	Agaricomycetes	Agaricales	White_rot_fungi
Schco2071_1	Basidiomycota	Agaricomycetes	Agaricales	White_rot_fungi
Schco2231_1	Basidiomycota	Agaricomycetes	Agaricales	White_rot_fungi
Schco2251_1	Basidiomycota	Agaricomycetes	Agaricales	White_rot_fungi
Schco3	Basidiomycota	Agaricomycetes	Agaricales	White_rot_fungi
Auramp1	Basidiomycota	Agaricomycetes	Agaricales	N/A
Fishe1	Basidiomycota	Agaricomycetes	Agaricales	Brown_rot_fungi
FlaPMI526_1	Basidiomycota	Agaricomycetes	Agaricales	N/A
Niavib1	Basidiomycota	Agaricomycetes	Agaricales	N/A
Denmi1	Basidiomycota	Agaricomycetes	Agaricales	N/A
PleosPC15_2	Basidiomycota	Agaricomycetes	Agaricales	White_rot_fungi
PleosPC9_1	Basidiomycota	Agaricomycetes	Agaricales	White_rot_fungi
Pleery1	Basidiomycota	Agaricomycetes	Agaricales	White_rot_fungi
Aphpse1	Basidiomycota	Agaricomycetes	Agaricales	White_rot_fungi
Radcon1	Basidiomycota	Agaricomycetes	Agaricales	White_rot_fungi
Ptegra1	Basidiomycota	Agaricomycetes	Agaricales	N/A
TyphTRa3160C_1	Basidiomycota	Agaricomycetes	Thelephorales	N/A
Fibsp1	Basidiomycota	Agaricomycetes	Atheliales	White_rot_fungi
Pilcr1	Basidiomycota	Agaricomycetes	Atheliales	mycorrhizal_fungi
Anobom1	Basidiomycota	Agaricomycetes	Amylocorticiales	N/A
Amysub1	Basidiomycota	Agaricomycetes	Amylocorticiales	Brown_rot_fungi
Plicr1	Basidiomycota	Agaricomycetes	Amylocorticiales	White_rot_fungi
Anoalb1	Basidiomycota	Agaricomycetes	Amylocorticiales	White_rot_fungi
Anomyc1	Basidiomycota	Agaricomycetes	Amylocorticiales	N/A
Suifus1	Basidiomycota	Agaricomycetes	Boletales	mycorrhizal_fungi
Suihi1	Basidiomycota	Agaricomycetes	Boletales	mycorrhizal_fungi
Suitom1	Basidiomycota	Agaricomycetes	Boletales	mycorrhizal_fungi
Suivar1	Basidiomycota	Agaricomycetes	Boletales	mycorrhizal_fungi
Suivari1	Basidiomycota	Agaricomycetes	Boletales	mycorrhizal_fungi
Suiplo1	Basidiomycota	Agaricomycetes	Boletales	mycorrhizal_fungi
Suidis1	Basidiomycota	Agaricomycetes	Boletales	mycorrhizal_fungi
Suibov1	Basidiomycota	Agaricomycetes	Boletales	mycorrhizal_fungi
Suisu1	Basidiomycota	Agaricomycetes	Boletales	mycorrhizal_fungi
Suisubl1	Basidiomycota	Agaricomycetes	Boletales	mycorrhizal_fungi
Suiame1	Basidiomycota	Agaricomycetes	Boletales	mycorrhizal_fungi
Suisub1	Basidiomycota	Agaricomycetes	Boletales	mycorrhizal_fungi
Suicot1	Basidiomycota	Agaricomycetes	Boletales	mycorrhizal_fungi
Suidec1	Basidiomycota	Agaricomycetes	Boletales	mycorrhizal_fungi
Suipic1	Basidiomycota	Agaricomycetes	Boletales	mycorrhizal_fungi
Suilu4	Basidiomycota	Agaricomycetes	Boletales	mycorrhizal_fungi
Suiocc1	Basidiomycota	Agaricomycetes	Boletales	mycorrhizal_fungi
Suibr2	Basidiomycota	Agaricomycetes	Boletales	mycorrhizal_fungi
Suipla1	Basidiomycota	Agaricomycetes	Boletales	mycorrhizal_fungi
Suiplac1	Basidiomycota	Agaricomycetes	Boletales	mycorrhizal_fungi
Suigr1	Basidiomycota	Agaricomycetes	Boletales	mycorrhizal_fungi
Suilak1	Basidiomycota	Agaricomycetes	Boletales	mycorrhizal_fungi
Suicli1	Basidiomycota	Agaricomycetes	Boletales	mycorrhizal_fungi
Suiamp1	Basidiomycota	Agaricomycetes	Boletales	mycorrhizal_fungi
Suipal1	Basidiomycota	Agaricomycetes	Boletales	mycorrhizal_fungi
Rhives1	Basidiomycota	Agaricomycetes	Boletales	mycorrhizal_fungi
Rhivi1	Basidiomycota	Agaricomycetes	Boletales	mycorrhizal_fungi
Rhivul1	Basidiomycota	Agaricomycetes	Boletales	mycorrhizal_fungi
Rhisa1	Basidiomycota	Agaricomycetes	Boletales	mycorrhizal_fungi
Rhitru1	Basidiomycota	Agaricomycetes	Boletales	mycorrhizal_fungi
Paxam1	Basidiomycota	Agaricomycetes	Boletales	mycorrhizal_fungi
Paxin1	Basidiomycota	Agaricomycetes	Boletales	mycorrhizal_fungi
Paxru2	Basidiomycota	Agaricomycetes	Boletales	mycorrhizal_fungi
Gyrli1	Basidiomycota	Agaricomycetes	Boletales	mycorrhizal_fungi
Melbro1	Basidiomycota	Agaricomycetes	Boletales	mycorrhizal_fungi
Boled5	Basidiomycota	Agaricomycetes	Boletales	mycorrhizal_fungi
Boledp1	Basidiomycota	Agaricomycetes	Boletales	mycorrhizal_fungi
Xerba1	Basidiomycota	Agaricomycetes	Boletales	mycorrhizal_fungi
Bolcoc1	Basidiomycota	Agaricomycetes	Boletales	mycorrhizal_fungi
Hydpi2	Basidiomycota	Agaricomycetes	Boletales	Brown_rot_fungi
PhlFC14_2	Basidiomycota	Agaricomycetes	Boletales	N/A
Pis20_1	Basidiomycota	Agaricomycetes	Boletales	N/A
Pisthe1	Basidiomycota	Agaricomycetes	Boletales	mycorrhizal_fungi
Pisthe227_1	Basidiomycota	Agaricomycetes	Boletales	mycorrhizal_fungi
Piscro1	Basidiomycota	Agaricomycetes	Boletales	mycorrhizal_fungi
Pismi_AB1_1	Basidiomycota	Agaricomycetes	Boletales	mycorrhizal_fungi
Pisalb1	Basidiomycota	Agaricomycetes	Boletales	mycorrhizal_fungi
Pismi1	Basidiomycota	Agaricomycetes	Boletales	mycorrhizal_fungi
Pismar1	Basidiomycota	Agaricomycetes	Boletales	mycorrhizal_fungi
Pisori1	Basidiomycota	Agaricomycetes	Boletales	N/A
Pisori2	Basidiomycota	Agaricomycetes	Boletales	mycorrhizal_fungi
Pisti1	Basidiomycota	Agaricomycetes	Boletales	mycorrhizal_fungi
Sclci1	Basidiomycota	Agaricomycetes	Boletales	mycorrhizal_fungi
Hygaur1	Basidiomycota	Agaricomycetes	Boletales	Brown_rot_fungi
Leumo1	Basidiomycota	Agaricomycetes	Boletales	N/A
Conol1	Basidiomycota	Agaricomycetes	Boletales	Brown_rot_fungi
Conpu1	Basidiomycota	Agaricomycetes	Boletales	Brown_rot_fungi
SerlaS7_3_2	Basidiomycota	Agaricomycetes	Boletales	Brown_rot_fungi
SerlaS7_9_2	Basidiomycota	Agaricomycetes	Boletales	Brown_rot_fungi
Serla_varsha1	Basidiomycota	Agaricomycetes	Boletales	Brown_rot_fungi
Helsul1	Basidiomycota	Agaricomycetes	Gloeophyllales	Brown_rot_fungi
Neole1	Basidiomycota	Agaricomycetes	Gloeophyllales	Brown_rot_fungi
Glotr1_1	Basidiomycota	Agaricomycetes	Gloeophyllales	Brown_rot_fungi
Velabi1	Basidiomycota	Agaricomycetes	Gloeophyllales	Brown_rot_fungi
Jaaar1	Basidiomycota	Agaricomycetes	Jaapiales	N/A
Borrad1	Basidiomycota	Agaricomycetes	Russulales	N/A
Vuico1	Basidiomycota	Agaricomycetes	Corticiales	White_rot_fungi
Vuicom1	Basidiomycota	Agaricomycetes	Corticiales	White_rot_fungi
Punst1	Basidiomycota	Agaricomycetes	Corticiales	White_rot_fungi
Galinc1	Basidiomycota	Agaricomycetes	Corticiales	White_rot_fungi
Pycco1	Basidiomycota	Agaricomycetes	Polyporales	White_rot_fungi
Pycco1662_1	Basidiomycota	Agaricomycetes	Polyporales	White_rot_fungi
Pycsa1	Basidiomycota	Agaricomycetes	Polyporales	White_rot_fungi
Pycci1	Basidiomycota	Agaricomycetes	Polyporales	White_rot_fungi
Pyccin1	Basidiomycota	Agaricomycetes	Polyporales	White_rot_fungi
Pycpun1	Basidiomycota	Agaricomycetes	Polyporales	White_rot_fungi
Tralac1	Basidiomycota	Agaricomycetes	Polyporales	White_rot_fungi
Tramen1	Basidiomycota	Agaricomycetes	Polyporales	White_rot_fungi
Leisp1	Basidiomycota	Agaricomycetes	Polyporales	White_rot_fungi
Traci1	Basidiomycota	Agaricomycetes	Polyporales	White_rot_fungi
Tralj1	Basidiomycota	Agaricomycetes	Polyporales	White_rot_fungi
Trapub1	Basidiomycota	Agaricomycetes	Polyporales	White_rot_fungi
Trave1	Basidiomycota	Agaricomycetes	Polyporales	White_rot_fungi
Trabet1	Basidiomycota	Agaricomycetes	Polyporales	White_rot_fungi
Tragib1	Basidiomycota	Agaricomycetes	Polyporales	White_rot_fungi
Trapol1	Basidiomycota	Agaricomycetes	Polyporales	White_rot_fungi
Tramax1	Basidiomycota	Agaricomycetes	Polyporales	White_rot_fungi
Tramey1	Basidiomycota	Agaricomycetes	Polyporales	White_rot_fungi
Artel1	Basidiomycota	Agaricomycetes	Polyporales	White_rot_fungi
Artele1122_1	Basidiomycota	Agaricomycetes	Polyporales	White_rot_fungi
Lenti6_1	Basidiomycota	Agaricomycetes	Polyporales	White_rot_fungi
Lenti7_1	Basidiomycota	Agaricomycetes	Polyporales	White_rot_fungi
Sisbr1	Basidiomycota	Agaricomycetes	Polyporales	White_rot_fungi
Polar1	Basidiomycota	Agaricomycetes	Polyporales	White_rot_fungi
Polbr1	Basidiomycota	Agaricomycetes	Polyporales	White_rot_fungi
Polsqu1	Basidiomycota	Agaricomycetes	Polyporales	White_rot_fungi
Earsca1	Basidiomycota	Agaricomycetes	Polyporales	White_rot_fungi
Fomfom1	Basidiomycota	Agaricomycetes	Polyporales	White_rot_fungi
Hexnit1	Basidiomycota	Agaricomycetes	Polyporales	White_rot_fungi
Dicsqu463_1	Basidiomycota	Agaricomycetes	Polyporales	White_rot_fungi
Dicsqu464_1	Basidiomycota	Agaricomycetes	Polyporales	White_rot_fungi
Dicsqu18370_1	Basidiomycota	Agaricomycetes	Polyporales	White_rot_fungi
Dicsq1	Basidiomycota	Agaricomycetes	Polyporales	White_rot_fungi
Gansp1	Basidiomycota	Agaricomycetes	Polyporales	White_rot_fungi
Fomro1	Basidiomycota	Agaricomycetes	Polyporales	Brown_rot_fungi
Fomros1	Basidiomycota	Agaricomycetes	Polyporales	Brown_rot_fungi
Antser1	Basidiomycota	Agaricomycetes	Polyporales	Brown_rot_fungi
Fompi3	Basidiomycota	Agaricomycetes	Polyporales	Brown_rot_fungi
Pipbet1_1	Basidiomycota	Agaricomycetes	Polyporales	Brown_rot_fungi
Daequ1	Basidiomycota	Agaricomycetes	Polyporales	Brown_rot_fungi
Pospl1	Basidiomycota	Agaricomycetes	Polyporales	Brown_rot_fungi
PosplRSB12_1	Basidiomycota	Agaricomycetes	Polyporales	Brown_rot_fungi
Antsi1	Basidiomycota	Agaricomycetes	Polyporales	Brown_rot_fungi
Fibra1	Basidiomycota	Agaricomycetes	Polyporales	Brown_rot_fungi
Wolco1	Basidiomycota	Agaricomycetes	Polyporales	Brown_rot_fungi
Laesu1	Basidiomycota	Agaricomycetes	Polyporales	Brown_rot_fungi
Amylap1_1	Basidiomycota	Agaricomycetes	Polyporales	Brown_rot_fungi
Possti1	Basidiomycota	Agaricomycetes	Polyporales	Brown_rot_fungi
Spalat1	Basidiomycota	Agaricomycetes	Polyporales	Brown_rot_fungi
Cersu1	Basidiomycota	Agaricomycetes	Polyporales	White_rot_fungi
Obbri1	Basidiomycota	Agaricomycetes	Polyporales	White_rot_fungi
Flafl1	Basidiomycota	Agaricomycetes	Polyporales	White_rot_fungi
Irplac1	Basidiomycota	Agaricomycetes	Polyporales	White_rot_fungi
Hydfim1	Basidiomycota	Agaricomycetes	Polyporales	N/A
Cytmel1	Basidiomycota	Agaricomycetes	Polyporales	N/A
Trace1	Basidiomycota	Agaricomycetes	Polyporales	White_rot_fungi
Cervir1	Basidiomycota	Agaricomycetes	Polyporales	White_rot_fungi
Lepmol1	Basidiomycota	Agaricomycetes	Polyporales	Brown_rot_fungi
Phaca1	Basidiomycota	Agaricomycetes	Polyporales	White_rot_fungi
Phchr2	Basidiomycota	Agaricomycetes	Polyporales	White_rot_fungi
Phlgi1	Basidiomycota	Agaricomycetes	Polyporales	White_rot_fungi
Bjead1_1	Basidiomycota	Agaricomycetes	Polyporales	White_rot_fungi
Phlcen1	Basidiomycota	Agaricomycetes	Polyporales	White_rot_fungi
Phlbr1	Basidiomycota	Agaricomycetes	Polyporales	White_rot_fungi
Phlrad1	Basidiomycota	Agaricomycetes	Polyporales	White_rot_fungi
Abobi1	Basidiomycota	Agaricomycetes	Polyporales	White_rot_fungi
Abobie1	Basidiomycota	Agaricomycetes	Polyporales	White_rot_fungi
Mersum1	Basidiomycota	Agaricomycetes	Polyporales	N/A
Clibor1	Basidiomycota	Agaricomycetes	Polyporales	N/A
Cerun2	Basidiomycota	Agaricomycetes	Polyporales	White_rot_fungi
Panru1	Basidiomycota	Agaricomycetes	Polyporales	White_rot_fungi
Epityp1	Basidiomycota	Agaricomycetes	Russulales	N/A
Crudry1	Basidiomycota	Agaricomycetes	Corticiales	Brown_rot_fungi
Albpec1	Basidiomycota	Agaricomycetes	Russulales	N/A
Crison1	Basidiomycota	Agaricomycetes	Atheliales	White_rot_fungi
Ruseme1	Basidiomycota	Agaricomycetes	Russulales	mycorrhizal_fungi
Rusrug1	Basidiomycota	Agaricomycetes	Russulales	mycorrhizal_fungi
Russem1	Basidiomycota	Agaricomycetes	Russulales	mycorrhizal_fungi
Rusoch1	Basidiomycota	Agaricomycetes	Russulales	mycorrhizal_fungi
Rusvin1	Basidiomycota	Agaricomycetes	Russulales	mycorrhizal_fungi
Rusdis1	Basidiomycota	Agaricomycetes	Russulales	mycorrhizal_fungi
Rusear1	Basidiomycota	Agaricomycetes	Russulales	mycorrhizal_fungi
Rusbre1	Basidiomycota	Agaricomycetes	Russulales	mycorrhizal_fungi
Ruscom1	Basidiomycota	Agaricomycetes	Russulales	mycorrhizal_fungi
Lacsub1	Basidiomycota	Agaricomycetes	Russulales	mycorrhizal_fungi
Lacvol1	Basidiomycota	Agaricomycetes	Russulales	mycorrhizal_fungi
Muloch1	Basidiomycota	Agaricomycetes	Russulales	mycorrhizal_fungi
Lachen1	Basidiomycota	Agaricomycetes	Russulales	mycorrhizal_fungi
Lacpse1	Basidiomycota	Agaricomycetes	Russulales	mycorrhizal_fungi
Lacaka1	Basidiomycota	Agaricomycetes	Russulales	mycorrhizal_fungi
Lacdel1	Basidiomycota	Agaricomycetes	Russulales	mycorrhizal_fungi
Lachat1	Basidiomycota	Agaricomycetes	Russulales	mycorrhizal_fungi
Lacsan1	Basidiomycota	Agaricomycetes	Russulales	mycorrhizal_fungi
Lacviv1	Basidiomycota	Agaricomycetes	Russulales	mycorrhizal_fungi
Lacpsa1	Basidiomycota	Agaricomycetes	Russulales	mycorrhizal_fungi
Lacqui1	Basidiomycota	Agaricomycetes	Russulales	mycorrhizal_fungi
Glocon1	Basidiomycota	Agaricomycetes	Russulales	N/A
Aurvu1	Basidiomycota	Agaricomycetes	Russulales	N/A
Lenvul1	Basidiomycota	Agaricomycetes	Russulales	White_rot_fungi
Clapy1	Basidiomycota	Agaricomycetes	Russulales	N/A
Lopni1	Basidiomycota	Agaricomycetes	Russulales	White_rot_fungi
Ricme1	Basidiomycota	Agaricomycetes	Russulales	White_rot_fungi
Scysp1_1	Basidiomycota	Agaricomycetes	Russulales	N/A
Varmin1	Basidiomycota	Agaricomycetes	Russulales	White_rot_fungi
Amycha1	Basidiomycota	Agaricomycetes	Russulales	White_rot_fungi
Echtin1	Basidiomycota	Agaricomycetes	Russulales	N/A
Densp1	Basidiomycota	Agaricomycetes	Russulales	White_rot_fungi
Laxbic1	Basidiomycota	Agaricomycetes	Russulales	N/A
Hercor1	Basidiomycota	Agaricomycetes	Russulales	N/A
Hetan2	Basidiomycota	Agaricomycetes	Russulales	White_rot_fungi
Stehi1	Basidiomycota	Agaricomycetes	Russulales	White_rot_fungi
Thega1	Basidiomycota	Agaricomycetes	Thelephorales	mycorrhizal_fungi
Theter1	Basidiomycota	Agaricomycetes	Thelephorales	mycorrhizal_fungi
Xenvag1	Basidiomycota	Agaricomycetes		N/A
Porchr1	Basidiomycota	Agaricomycetes	Hymenochaetales	N/A
Pornie1_2	Basidiomycota	Agaricomycetes	Hymenochaetales	White_rot_fungi
Pheign1_1	Basidiomycota	Agaricomycetes	Hymenochaetales	White_rot_fungi
Fomme1	Basidiomycota	Agaricomycetes	Hymenochaetales	White_rot_fungi
Onnsc1	Basidiomycota	Agaricomycetes	Hymenochaetales	N/A
Pheni1	Basidiomycota	Agaricomycetes	Hymenochaetales	White_rot_fungi
Phefer1	Basidiomycota	Agaricomycetes	Hymenochaetales	White_rot_fungi
Triab1_1	Basidiomycota	Agaricomycetes	Hymenochaetales	White_rot_fungi
Schpa1	Basidiomycota	Agaricomycetes	Hymenochaetales	White_rot_fungi
Rigmic1	Basidiomycota	Agaricomycetes	Polyporales	White_rot_fungi
Ricfib1	Basidiomycota	Agaricomycetes	Hymenochaetales	N/A
Ricmel1	Basidiomycota	Agaricomycetes	Hymenochaetales	N/A
Kurarg1	Basidiomycota	Agaricomycetes	Corticiales	mycorrhizal_fungi
Resbic1	Basidiomycota	Agaricomycetes	Hymenochaetales	White_rot_fungi
Geatri1	Basidiomycota	Agaricomycetes	Geastrales	N/A
Sclhys1_1	Basidiomycota	Agaricomycetes		N/A
Sphst1	Basidiomycota	Agaricomycetes	Geastrales	N/A
Hyssto1	Basidiomycota	Agaricomycetes	Hysterangiales	mycorrhizal_fungi
Mutel1	Basidiomycota	Agaricomycetes	Phallales	N/A
Gaumor1_1	Basidiomycota	Agaricomycetes	Gomphales	mycorrhizal_fungi
Ramac1	Basidiomycota	Agaricomycetes	Gomphales	N/A
Sisni1	Basidiomycota	Agaricomycetes	Trechisporales	N/A
Sissu1	Basidiomycota	Agaricomycetes	Trechisporales	Brown_rot_fungi
Pormuc1	Basidiomycota	Agaricomycetes	Trechisporales	N/A
Elmca1	Basidiomycota	Agaricomycetes	Auriculariales	N/A
Exigl1	Basidiomycota	Agaricomycetes	Auriculariales	White_rot_fungi
Aurde3_1	Basidiomycota	Agaricomycetes	Auriculariales	White_rot_fungi
Olipa1	Basidiomycota	Agaricomycetes	Auriculariales	N/A
Pirin1	Basidiomycota	Agaricomycetes	Sebacinales	N/A
Serend1	Basidiomycota	Agaricomycetes	Sebacinales	orchid_mycorrhizal_fungi,mycorrhizal_fungi
Sebve1	Basidiomycota	Agaricomycetes	Sebacinales	orchid_mycorrhizal_fungi,mycorrhizal_fungi
Sebvebe1	Basidiomycota	Agaricomycetes	Sebacinales	orchid_mycorrhizal_fungi,mycorrhizal_fungi
Hydru2	Basidiomycota	Agaricomycetes	Cantharellales	mycorrhizal_fungi
Sisrad1	Basidiomycota	Agaricomycetes	Corticiales	N/A
Cananz1	Basidiomycota	Agaricomycetes	Cantharellales	mycorrhizal_fungi
ClaPMI390	Basidiomycota	Agaricomycetes	Cantharellales	N/A
Botbo1	Basidiomycota	Agaricomycetes	Cantharellales	N/A
Tulca1	Basidiomycota	Agaricomycetes	Cantharellales	orchid_mycorrhizal_fungi,mycorrhizal_fungi,orchid_mycorrhizal
Tulcal1	Basidiomycota	Agaricomycetes	Cantharellales	orchid_mycorrhizal_fungi,mycorrhizal_fungi,orchid_mycorrhizal
Rhiso1	Basidiomycota	Agaricomycetes	Cantharellales	N/A
Thacu1	Basidiomycota	Agaricomycetes	Cantharellales	N/A
CerAGI	Basidiomycota	Agaricomycetes	Cantharellales	orchid_mycorrhizal_fungi,mycorrhizal_fungi
Calco1	Basidiomycota	Dacrymycetes	Dacrymycetales	Brown_rot_fungi
Calvi1	Basidiomycota	Dacrymycetes	Dacrymycetales	White_rot_fungi
Dacsp1	Basidiomycota	Dacrymycetes	Dacrymycetales	Brown_rot_fungi
Cercer1	Basidiomycota	Dacrymycetes	Dacrymycetales	N/A
Dactor1	Basidiomycota	Dacrymycetes	Dacrymycetales	Brown_rot_fungi
Dacruf1	Basidiomycota	Dacrymycetes	Dacrymycetales	Brown_rot_fungi
Felpe1	Basidiomycota	Tremellomycetes	Tremellales	N/A
Kocim1	Basidiomycota	Tremellomycetes	Tremellales	N/A
Papla1	Basidiomycota	Tremellomycetes	Tremellales	N/A
Sirint1	Basidiomycota	Tremellomycetes	Tremellales	N/A
Fibin1	Basidiomycota	Tremellomycetes	Tremellales	N/A
Treen1	Basidiomycota	Tremellomycetes	Tremellales	N/A
Cryne_H99_1	Basidiomycota	Tremellomycetes	Tremellales	N/A
Cryne_JEC21_1	Basidiomycota	Tremellomycetes	Tremellales	N/A
Diocr1	Basidiomycota	Tremellomycetes	Tremellales	N/A
Treme1	Basidiomycota	Tremellomycetes	Tremellales	White_rot_fungi
Trias2479	Basidiomycota	Tremellomycetes	Trichosporonales	N/A
Trias8904	Basidiomycota	Tremellomycetes	Trichosporonales	N/A
Crycu1	Basidiomycota	Tremellomycetes	Trichosporonales	N/A
Triol1	Basidiomycota	Tremellomycetes	Trichosporonales	N/A
Trigue1	Basidiomycota	Tremellomycetes	Trichosporonales	N/A
Trich1	Basidiomycota	Tremellomycetes	Trichosporonales	N/A
Cryvi1	Basidiomycota	Tremellomycetes	Filobasidiales	N/A
Crywi1	Basidiomycota	Tremellomycetes	Filobasidiales	N/A
Cryte1	Basidiomycota	Tremellomycetes	Filobasidiales	N/A
Mrafri1	Basidiomycota	Tremellomycetes	Cystofilobasidiales	N/A
Walic1	Basidiomycota	Wallemiomycetes	Wallemiales	N/A
Walse1	Basidiomycota	Wallemiomycetes	Wallemiales	N/A
Basun1	Basidiomycota	Geminibasidiomycetes	Geminibasidiales	N/A
Spore1	Basidiomycota	Ustilaginomycetes	Ustilaginales	N/A
Uroocc1	Basidiomycota	Ustilaginomycetes	Urocystidales	N/A
Psehu1	Basidiomycota	Ustilaginomycetes	Ustilaginales	N/A
Ustma2_2	Basidiomycota	Ustilaginomycetes	Ustilaginales	N/A
Moeaph1	Basidiomycota	Ustilaginomycetes	Ustilaginales	N/A
Psean1_1	Basidiomycota	Ustilaginomycetes	Ustilaginales	N/A
Tescy1	Basidiomycota	Ustilaginomycetes	Ustilaginales	N/A
Melen1	Basidiomycota	Ustilaginomycetes	Urocystidales	N/A
Uropr1	Basidiomycota	Ustilaginomycetes	Urocystidales	N/A
Ustsp1	Basidiomycota	Ustilaginomycetes	Violaceomycetales	N/A
Tilalb1	Basidiomycota	Exobasidiomycetes	Robbauerales	N/A
Exomac1	Basidiomycota	Exobasidiomycetes	Exobasidiales	N/A
Exova1	Basidiomycota	Exobasidiomycetes	Exobasidiales	N/A
Meimi1	Basidiomycota	Exobasidiomycetes	Exobasidiales	N/A
Acain1	Basidiomycota	Exobasidiomycetes	Exobasidiales	N/A
Hethyg1	Basidiomycota	Exobasidiomycetes	Doassansiales	N/A
Rhanym2_1	Basidiomycota	Exobasidiomycetes	Doassansiales	N/A
Cersp1	Basidiomycota	Exobasidiomycetes	Ceraceosorales	N/A
Tilwa1	Basidiomycota	Exobasidiomycetes	Entylomatales	N/A
Jamsp1	Basidiomycota	Exobasidiomycetes	Microstromatales	N/A
Rhodsp1	Basidiomycota	Exobasidiomycetes	Microstromatales	N/A
Tillet1	Basidiomycota	Exobasidiomycetes	Entylomatales	N/A
Monili2	Basidiomycota	Moniliellomycetes	Moniliellales	N/A
Tilan2	Basidiomycota	Exobasidiomycetes	Georgefischeriales	N/A
Malgl1	Basidiomycota	Malasseziomycetes	Malasseziales	N/A
Malsy1_1	Basidiomycota	Malasseziomycetes	Malasseziales	N/A
Rhoto_IFO1236_1	Basidiomycota	Microbotryomycetes	Sporidiobolales	N/A
Rhoglu91_1	Basidiomycota	Microbotryomycetes	Sporidiobolales	N/A
Rhoto_IFO0880_4	Basidiomycota	Microbotryomycetes	Sporidiobolales	N/A
Rhoto_IFO0880_2	Basidiomycota	Microbotryomycetes	Sporidiobolales	N/A
Rhoglu1	Basidiomycota	Microbotryomycetes	Sporidiobolales	N/A
Rhoto1	Basidiomycota	Microbotryomycetes	Sporidiobolales	N/A
Rhoto_IFO0559_1	Basidiomycota	Microbotryomycetes	Sporidiobolales	N/A
Rhoto_ATCC26217_1	Basidiomycota	Microbotryomycetes	Sporidiobolales	N/A
RhodotJ31_1	Basidiomycota	Microbotryomycetes	Sporidiobolales	N/A
Rhosp1	Basidiomycota	Microbotryomycetes	Sporidiobolales	N/A
Rhomuc1	Basidiomycota	Microbotryomycetes	Sporidiobolales	N/A
Rhoba1_1	Basidiomycota	Microbotryomycetes	Sporidiobolales	N/A
Rhodia1_1	Basidiomycota	Microbotryomycetes	Sporidiobolales	N/A
Spopa1	Basidiomycota	Microbotryomycetes	Sporidiobolales	N/A
Sporo1	Basidiomycota	Microbotryomycetes	Sporidiobolales	N/A
Leucr1	Basidiomycota	Microbotryomycetes	Leucosporidiales	N/A
Micld1	Basidiomycota	Microbotryomycetes	Microbotryales	N/A
Mereb1	Basidiomycota	Microbotryomycetes	Kriegeriales	N/A
Slopil1	Basidiomycota	Microbotryomycetes		N/A
Hetpy1	Basidiomycota	Microbotryomycetes	Heterogastridiales	N/A
Hyabl1	Basidiomycota	Microbotryomycetes	Heterogastridiales	N/A
Naifl1	Basidiomycota	Classiculomycetes	Classiculales	N/A
Pucst_PST78_1	Basidiomycota	Pucciniomycetes	Pucciniales	N/A
Pucst1	Basidiomycota	Pucciniomycetes	Pucciniales	N/A
Pucstr1	Basidiomycota	Pucciniomycetes	Pucciniales	N/A
Pucgr2	Basidiomycota	Pucciniomycetes	Pucciniales	N/A
Puctr1	Basidiomycota	Pucciniomycetes	Pucciniales	N/A
PuccoNC29_1	Basidiomycota	Pucciniomycetes	Pucciniales	N/A
PuccoSD80_1	Basidiomycota	Pucciniomycetes	Pucciniales	N/A
Phapa1	Basidiomycota	Pucciniomycetes	Pucciniales	N/A
Melme_tre1	Basidiomycota	Pucciniomycetes	Pucciniales	N/A
Melmed1	Basidiomycota	Pucciniomycetes	Pucciniales	N/A
MecolCla_1	Basidiomycota	Pucciniomycetes	Pucciniales	N/A
Melap1finSC_191	Basidiomycota	Pucciniomycetes	Pucciniales	N/A
Melli1	Basidiomycota	Pucciniomycetes	Pucciniales	N/A
Mellp2_3	Basidiomycota	Pucciniomycetes	Pucciniales	N/A
Melame1	Basidiomycota	Pucciniomycetes	Pucciniales	N/A
Croqu1	Basidiomycota	Pucciniomycetes	Pucciniales	N/A
Sepsp1	Basidiomycota	Pucciniomycetes	Septobasidiales	N/A
Atrsp2	Basidiomycota	Atractiellomycetes	Atractiellales	N/A
Chiap1	Basidiomycota	Agaricostilbomycetes	Agaricostilbales	N/A
Chicu1	Basidiomycota	Agaricostilbomycetes	Agaricostilbales	N/A
Agahy1	Basidiomycota	Agaricostilbomycetes	Agaricostilbales	N/A
Spoli1	Basidiomycota	Spiculogloeomycetes	Spiculogloeales	N/A
Mixos1	Basidiomycota	Mixiomycetes	Mixiales	N/A
Trisp1	Basidiomycota	Tritirachiomycetes	Tritirachiales	N/A
Eryha1	Basidiomycota	Cystobasidiomycetes	Erythrobasidiales	N/A
Spogra1_1	Basidiomycota	Cystobasidiomycetes		N/A
Rhomi1	Basidiomycota	Cystobasidiomycetes	Cystobasidiales	N/A
Naose1	Basidiomycota	Cystobasidiomycetes	Naohideales	N/A
Helpul1	Mucoromycota	Mucoromycetes	Mucorales	N/A
Thaele1	Mucoromycota	Mucoromycetes	Mucorales	N/A
Pilano1	Mucoromycota	Mucoromycetes	Mucorales	N/A
Mucmuc1	Mucoromycota	Mucoromycetes	Mucorales	N/A
Zyghet1	Mucoromycota	Mucoromycetes	Mucorales	N/A
Chabre1	Mucoromycota	Mucoromycetes	Mucorales	N/A
Parpar1	Mucoromycota	Mucoromycetes	Mucorales	N/A
Mucci2	Mucoromycota	Mucoromycetes	Mucorales	N/A
Muccir1_3	Mucoromycota	Mucoromycetes	Mucorales	N/A
Ellano2	Mucoromycota	Mucoromycetes	Mucorales	N/A
Blatri_F921_1	Mucoromycota	Mucoromycetes	Mucorales	N/A
Blatri_F986_2	Mucoromycota	Mucoromycetes	Mucorales	N/A
Blatri1	Mucoromycota	Mucoromycetes	Mucorales	N/A
Chocucu1	Mucoromycota	Mucoromycetes	Mucorales	N/A
Gilper1	Mucoromycota	Mucoromycetes	Mucorales	N/A
Benpoi1	Mucoromycota	Mucoromycetes	Mucorales	N/A
Cokrec1	Mucoromycota	Mucoromycetes	Mucorales	N/A
Mycafr1	Mucoromycota	Mucoromycetes	Mucorales	N/A
Kircor1	Mucoromycota	Mucoromycetes	Mucorales	N/A
Rhimi1_1	Mucoromycota	Mucoromycetes	Mucorales	N/A
Rhimi_ATCC52814_1	Mucoromycota	Mucoromycetes	Mucorales	N/A
Rhimi_ATCC11559_1	Mucoromycota	Mucoromycetes	Mucorales	N/A
Rhich1	Mucoromycota	Mucoromycetes	Mucorales	N/A
Amyrou1	Mucoromycota	Mucoromycetes	Mucorales	N/A
Rhior3	Mucoromycota	Mucoromycetes	Mucorales	N/A
Spoumb1	Mucoromycota	Mucoromycetes	Mucorales	N/A
Pilumb1	Mucoromycota	Mucoromycetes	Mucorales	N/A
Bacci1	Mucoromycota	Mucoromycetes	Mucorales	N/A
Cirumb1	Mucoromycota	Mucoromycetes	Mucorales	N/A
Phaart1	Mucoromycota	Mucoromycetes	Mucorales	N/A
Zycmex1	Mucoromycota	Mucoromycetes	Mucorales	N/A
Fenlin1	Mucoromycota	Mucoromycetes	Mucorales	N/A
Liccor1	Mucoromycota	Mucoromycetes	Mucorales	N/A
Lichy1	Mucoromycota	Mucoromycetes	Mucorales	N/A
Dicele1	Mucoromycota	Mucoromycetes	Mucorales	N/A
Dicrob1	Mucoromycota	Mucoromycetes	Mucorales	N/A
Synrac1	Mucoromycota	Mucoromycetes	Mucorales	N/A
Phybla1	Mucoromycota	Mucoromycetes	Mucorales	N/A
PhyblU21_2	Mucoromycota	Mucoromycetes	Mucorales	N/A
PhyblU21_1	Mucoromycota	Mucoromycetes	Mucorales	N/A
Phybl2	Mucoromycota	Mucoromycetes	Mucorales	N/A
PnitS608_1	Mucoromycota	Mucoromycetes	Mucorales	N/A
PnitS609_1	Mucoromycota	Mucoromycetes	Mucorales	N/A
PnitS607_1	Mucoromycota	Mucoromycetes	Mucorales	N/A
Spifus1	Mucoromycota	Mucoromycetes	Mucorales	N/A
Radspe1	Mucoromycota	Mucoromycetes	Mucorales	N/A
Absrep1	Mucoromycota	Mucoromycetes	Mucorales	N/A
Chlpad1	Mucoromycota	Mucoromycetes	Mucorales	N/A
Halrad1	Mucoromycota	Mucoromycetes	Mucorales	N/A
Cunech1	Mucoromycota	Mucoromycetes	Mucorales	N/A
Gonbut1	Mucoromycota	Mucoromycetes	Mucorales	N/A
Hesve2finisherSC	Mucoromycota	Mucoromycetes	Mucorales	N/A
Umbra1	Mucoromycota	Umbelopsidomycetes	Umbelopsidales	N/A
Umbsp_AD052_1	Mucoromycota	Umbelopsidomycetes	Umbelopsidales	N/A
Umbelo1	Mucoromycota	Umbelopsidomycetes	Umbelopsidales	N/A
Umbisa1	Mucoromycota	Umbelopsidomycetes	Umbelopsidales	N/A
Jimfl_AD_1	Mucoromycota	Endogonomycetes	Endogonales	N/A
Jimfl_GMNB39_1	Mucoromycota	Endogonomycetes	Endogonales	N/A
Jimlac1	Mucoromycota	Endogonomycetes	Endogonales	N/A
Endsp1	Mucoromycota	Endogonomycetes	Endogonales	N/A
RhiirA1_1	Mucoromycota	Glomeromycetes	Glomerales	arbuscular_mycorrhizal_fungi,mycorrhizal_fungi
RhiirA5	Mucoromycota	Glomeromycetes	Glomerales	arbuscular_mycorrhizal_fungi,mycorrhizal_fungi
Rhiir2_1	Mucoromycota	Glomeromycetes	Glomerales	arbuscular_mycorrhizal_fungi,mycorrhizal_fungi
Gloin1	Mucoromycota	Glomeromycetes	Glomerales	arbuscular_mycorrhizal_fungi,mycorrhizal_fungi
RhiirB3	Mucoromycota	Glomeromycetes	Glomerales	arbuscular_mycorrhizal_fungi,mycorrhizal_fungi
RhiirC2	Mucoromycota	Glomeromycetes	Glomerales	arbuscular_mycorrhizal_fungi,mycorrhizal_fungi
RhiirA4	Mucoromycota	Glomeromycetes	Glomerales	arbuscular_mycorrhizal_fungi,mycorrhizal_fungi
Rhidi1	Mucoromycota	Glomeromycetes	Glomerales	arbuscular_mycorrhizal_fungi,mycorrhizal_fungi
Rhice1_1	Mucoromycota	Glomeromycetes	Glomerales	arbuscular_mycorrhizal_fungi,mycorrhizal_fungi
Gigro1	Mucoromycota	Glomeromycetes	Diversisporales	arbuscular_mycorrhizal_fungi,mycorrhizal_fungi
MorAD185_1_1	Mucoromycota	Mortierellomycetes	Mortierellales	N/A
MorGBAus27b_1	Mucoromycota	Mortierellomycetes	Mortierellales	N/A
Lobtra1	Mucoromycota	Mortierellomycetes	Mortierellales	N/A
Disorn1	Mucoromycota	Mortierellomycetes	Mortierellales	N/A
Mormul1	Mucoromycota	Mortierellomycetes	Mortierellales	N/A
MoeNVP64_1	Mucoromycota	Mortierellomycetes	Mortierellales	N/A
Morel_U14_1	Mucoromycota	Mortierellomycetes	Mortierellales	N/A
Morel2	Mucoromycota	Mortierellomycetes	Mortierellales	N/A
Morhum1	Mucoromycota	Mortierellomycetes	Mortierellales	N/A
Morve1	Mucoromycota	Mortierellomycetes	Mortierellales	N/A
Mormin1_1	Mucoromycota	Mortierellomycetes	Mortierellales	N/A
Moramb1	Mucoromycota	Mortierellomycetes	Mortierellales	N/A
Coemoj1	Zoopagomycota	Kickxellomycetes	Kickxellales	N/A
Coere1	Zoopagomycota	Kickxellomycetes	Kickxellales	N/A
Coespi1	Zoopagomycota	Kickxellomycetes	Kickxellales	N/A
Kicala1	Zoopagomycota	Kickxellomycetes	Kickxellales	N/A
Marpt1	Zoopagomycota	Kickxellomycetes	Kickxellales	N/A
Linpe1	Zoopagomycota	Kickxellomycetes	Kickxellales	N/A
Rambr1	Zoopagomycota		Ramicandelaberales	N/A
DimcrSC1	Zoopagomycota	Dimargaritomycetes	Dimargaritales	N/A
Conth1	Zoopagomycota	Entomophthoromycetes	Entomophthorales	N/A
Zoorad1	Zoopagomycota	Entomophthoromycetes	Entomophthorales	N/A
Conco1	Zoopagomycota	Entomophthoromycetes	Entomophthorales	N/A
Basme2finSC	Zoopagomycota	Basidiobolomycetes	Basidiobolales	N/A
Pipcy3_1	Zoopagomycota	Zoopagomycetes	Zoopagales	N/A
Piptie1	Zoopagomycota	Zoopagomycetes	Zoopagales	N/A
Synplu1	Zoopagomycota	Zoopagomycetes	Zoopagales	N/A
Synps1	Zoopagomycota	Zoopagomycetes	Zoopagales	N/A
Synfus1	Zoopagomycota	Zoopagomycetes	Zoopagales	N/A
Thasp1	Zoopagomycota	Zoopagomycetes	Zoopagales	N/A
Olpbor1	Olpidiomycota	Olpidiomycetes	Olpidiales	N/A
Blabri1	Blastocladiomycota	Blastocladiomycetes	Blastocladiales	N/A
Catan2	Blastocladiomycota	Blastocladiomycetes	Blastocladiales	N/A
Allma1	Blastocladiomycota	Blastocladiomycetes	Blastocladiales	N/A
Parsed1	Blastocladiomycota	Physodermatomycetes	Physodermatales	N/A
Gervar1	Chytridiomycota	Chytridiomycetes	Spizellomycetales	N/A
Powhir1	Chytridiomycota	Chytridiomycetes	Spizellomycetales	N/A
Fimjon1	Chytridiomycota	Chytridiomycetes	Spizellomycetales	N/A
Spipu1	Chytridiomycota	Chytridiomycetes	Spizellomycetales	N/A
Triarc1	Chytridiomycota	Chytridiomycetes	Chytridiales	N/A
Gaesem1	Chytridiomycota	Chytridiomycetes	Spizellomycetales	N/A
Blyhe1	Chytridiomycota	Chytridiomycetes		N/A
Batde5	Chytridiomycota	Chytridiomycetes	Rhizophydiales	N/A
Hompol1	Chytridiomycota	Chytridiomycetes	Rhizophydiales	N/A
Enthel1	Chytridiomycota	Chytridiomycetes	Chytridiales	N/A
Glopol1	Chytridiomycota	Chytridiomycetes	Rhizophydiales	N/A
Gorhay1	Chytridiomycota	Chytridiomycetes	Rhizophydiales	N/A
Polagg1_1	Chytridiomycota	Chytridiomycetes	Polychytriales	N/A
Obemuc1	Chytridiomycota	Chytridiomycetes	Chytridiales	N/A
Rhihy1	Chytridiomycota	Chytridiomycetes	Chytridiales	N/A
Chyhya1	Chytridiomycota	Chytridiomycetes	Chytridiales	N/A
Chytri1	Chytridiomycota	Chytridiomycetes	Chytridiales	N/A
Clapol1_1				N/A
Chylag1	Chytridiomycota	Chytridiomycetes	Chytridiales	N/A
Caupr1	Chytridiomycota	Chytridiomycetes	Caulochytriales	N/A
Ganpr1	Chytridiomycota	Monoblepharidomycetes	Monoblepharidales	N/A
Hyacur1	Chytridiomycota	Monoblepharidomycetes	Monoblepharidales	N/A
PirE2_1	Chytridiomycota	Neocallimastigomycetes	Neocallimastigales	N/A
Pirfi3	Chytridiomycota	Neocallimastigomycetes	Neocallimastigales	N/A
Caecom1	Chytridiomycota	Neocallimastigomycetes	Neocallimastigales	N/A
Neosp1	Chytridiomycota	Neocallimastigomycetes	Neocallimastigales	N/A
Orpsp1_1				N/A
Anasp1	Chytridiomycota	Neocallimastigomycetes	Neocallimastigales	N/A
Enche1	Microsporidia			N/A
Encro1	Microsporidia			N/A
Encin1	Microsporidia			N/A
Enccu1	Microsporidia			N/A
Nosce1	Microsporidia			N/A
Entbi1	Microsporidia			N/A
Antlo1	Microsporidia			N/A
Nempa1	Microsporidia			N/A
Rozal_SC1	Cryptomycota			N/A
Rozal1_1	Cryptomycota			N/A
